match_id,date,start_time,league,home,away,p_a,p_home,p_draw,p_away,exp_margin,exp_total_model,pick,pick_prob,confidence,thin_history,comp_logreg,comp_hgb,comp_xgb,comp_lgbm,comp_cat,market_p_a,mkt_home,mkt_away,mkt_draw,dk_odds_a,dk_odds_b,dk_odds_draw,spread_home,total_line,market_source,model_version,logged_at,y,result,graded_at,home_goals,away_goals
199118,2026-10-06,2026-10-06 18:45:00,EHF European League,Aguas Santas,Flensburg-H.,0.1315034087901364,0.1245610892486418,0.052791936006569,0.8226469747447891,-4.76155624046345,58.05224254089429,Flensburg-H.,0.8684965912098636,Strong,False,0.1599692389800172,0.1199877649120955,0.16614449,0.1109962135022916,0.1004193363142731,,,,,,,,,,,20261006-182917,2026-10-06 18:29:27.436778,,,,,
199133,2026-10-06,2026-10-06 18:45:00,EHF European League,Maritimo,CD Bidasoa Irun,0.5498884457614175,0.5090795760661554,0.0742129972175629,0.4167074267162817,-1.0076522370457015,56.67922385467074,Maritimo,0.5498884457614175,Coin flip,True,0.382132278910485,0.5625281808605309,0.5477949,0.5922178876826905,0.6647690028705622,,,,,,,,,,,20261006-182917,2026-10-06 18:29:27.436778,,,,,
199137,2026-10-06,2026-10-06 18:45:00,EHF European League,La Rioja,Gummersbach,0.499110119017323,0.4455312585196629,0.1073487762643426,0.4471199652159944,1.1893565198541098,62.7256656168852,Gummersbach,0.500889880982677,Coin flip,False,0.6944954803078103,0.4595400490759406,0.46071982,0.4100291869061864,0.4707660549593973,,,,,,,,,,,20261006-182917,2026-10-06 18:29:27.436778,,,,,
199149,2026-10-06,2026-10-06 18:45:00,EHF European League,Torrelavega,Karvina,0.7623851999917028,0.7033186204286888,0.0774760312289075,0.2192053483424037,2.780492752466511,57.05653649439771,Torrelavega,0.7623851999917028,Strong,True,0.7698771932192063,0.7585866006035057,0.7051011,0.7934571222543672,0.7849040110931957,,,,,,,,,,,20261006-182917,2026-10-06 18:29:27.436778,,,,,
199154,2026-10-06,2026-10-06 18:45:00,EHF European League,Sesvete,Presov,0.7811951364883241,0.7207439457815275,0.0773829583457732,0.2018730958726993,3.258721284262248,58.39524127226469,Sesvete,0.7811951364883241,Strong,True,0.7741674022892702,0.7594517819447364,0.7574141,0.8245411812523623,0.7904012144009298,,,,,,,,,,,20261006-182917,2026-10-06 18:29:27.436778,,,,,
199155,2026-10-06,2026-10-06 18:45:00,EHF European League,St. Raphael,Elverum,0.2061929122237807,0.191786490183145,0.0698686578760789,0.7383448519407759,-3.146068668821448,60.91637506793233,Elverum,0.7938070877762192,Strong,False,0.2988573872087801,0.18020992429892,0.20979472,0.1530002206209348,0.1891023139433862,,,,,,,,,,,20261006-182917,2026-10-06 18:29:27.436778,,,,,
199199,2026-10-06,2026-10-06 18:45:00,EHF European League,Holstebro,Benfica,0.6987306874442492,0.6277500537831491,0.1015851098807844,0.2706648363360665,2.201598503429195,63.02463387374772,Holstebro,0.6987306874442492,Solid,False,0.7216158364305937,0.6862540811010575,0.6501225,0.6974372293009836,0.7382237670808107,,,,,,,,,,,20261006-182917,2026-10-06 18:29:27.436778,,,,,
199208,2026-10-06,2026-10-06 18:45:00,EHF European League,Granollers,Buzau,0.936251524346938,0.867063760353172,0.0738986930269901,0.0590375466198378,5.483723327723604,61.70646418072327,Granollers,0.936251524346938,Strong,True,0.8868666402841223,0.9537550537895072,0.9347952,0.9660266318594872,0.9398140949768352,,,,,,,,,,,20261006-182917,2026-10-06 18:29:27.436778,,,,,
199212,2026-10-06,2026-10-06 18:45:00,EHF European League,FH Hafnarfjordur,Limoges,0.5244056555217271,0.476460794278283,0.0914270483901324,0.4321121573315845,1.059121750888858,58.10455941443645,FH Hafnarfjordur,0.5244056555217271,Coin flip,True,0.5450368010531381,0.5250501632072013,0.5413971,0.4954844029769517,0.515059815644782,,,,,,,,,,,20261006-182917,2026-10-06 18:29:27.436778,,,,,
198487,2026-10-07,2026-10-07 16:45:00,Champions League,Partizan,Veszprem,0.1648745703727751,0.1561958233442961,0.0526384815369446,0.7911656951187593,-5.468910672883239,58.88794150724436,Veszprem,0.8351254296272249,Strong,True,0.1380766106011942,0.1879180800955214,0.21745585,0.1330949944515159,0.1478273176641683,,,,,,,,,,,20261006-182917,2026-10-06 18:29:27.436778,,,,,
198533,2026-10-07,2026-10-07 16:45:00,Champions League,Kristianstad,GOG,0.6500823960519203,0.5917702276337763,0.0896996577238291,0.3185301146423945,2.9416719159441223,59.43833692031417,Kristianstad,0.6500823960519203,Solid,False,0.7419747738429732,0.6509720203388348,0.71688175,0.6997294029352803,0.4408540311283533,,,,,,,,,,,20261006-182917,2026-10-06 18:29:27.436778,,,,,
198542,2026-10-07,2026-10-07 16:45:00,Champions League,HC Kriens,Kolstad,0.0628497371033814,0.0599800132397947,0.0456600774457713,0.8943599093144339,-6.4066760529592255,59.10746153771359,Kolstad,0.9371502628966184,Strong,True,0.0954001894361883,0.0567012552533466,0.07757679,0.0468990059531244,0.0376714485945694,,,,,,,,,,,20261006-182917,2026-10-06 18:29:27.436778,,,,,
198479,2026-10-07,2026-10-07 18:45:00,Champions League,PSG,Celje,0.9759687283678564,0.9401533652286193,0.036697244592183,0.0231493901791977,10.128028981083707,63.703142953711314,PSG,0.9759687283678564,Strong,False,0.9806186900393998,0.9846755666277968,0.9472062,0.9833865314391892,0.9839566545637368,,,,,,,,,,,20261006-182917,2026-10-06 18:29:27.436778,,,,,
198541,2026-10-07,2026-10-07 18:45:00,Champions League,Kielce,SC Magdeburg,0.6080289993098403,0.5505277070481109,0.0945699832195468,0.3549023097323423,2.0807273963254618,61.67018517131844,Kielce,0.6080289993098403,Lean,False,0.6192871216001349,0.5841372805393796,0.672598,0.5950544091605009,0.5690681809080603,,,,,,,,,,,20261006-182917,2026-10-06 18:29:27.436778,,,,,
