event_id,sport,commence_time,home,away,bookmaker,odds_home,odds_draw,odds_away,spread_home,spread_home_price,spread_away_price,total,over_price,under_price,fetched_at
5308bb16311c5b268f00156efca1ae1f,handball_germany_bundesliga,2026-10-08 17:00:00,TVB Stuttgart,HSG Wetzlar,tipico_de,1.35,9.5,4.1,,,,,,,2026-10-06 18:29:11.030836
5308bb16311c5b268f00156efca1ae1f,handball_germany_bundesliga,2026-10-08 17:00:00,TVB Stuttgart,HSG Wetzlar,unibet_uk,1.37,10.5,3.8,,,,,,,2026-10-06 18:29:11.030836
5308bb16311c5b268f00156efca1ae1f,handball_germany_bundesliga,2026-10-08 17:00:00,TVB Stuttgart,HSG Wetzlar,ladbrokes_uk,1.36,8.5,3.75,,,,,,,2026-10-06 18:29:11.030836
5308bb16311c5b268f00156efca1ae1f,handball_germany_bundesliga,2026-10-08 17:00:00,TVB Stuttgart,HSG Wetzlar,winamax_fr,1.28,9.5,3.7,,,,,,,2026-10-06 18:29:11.030836
5308bb16311c5b268f00156efca1ae1f,handball_germany_bundesliga,2026-10-08 17:00:00,TVB Stuttgart,HSG Wetzlar,coral,1.36,8.5,3.75,,,,,,,2026-10-06 18:29:11.030836
5308bb16311c5b268f00156efca1ae1f,handball_germany_bundesliga,2026-10-08 17:00:00,TVB Stuttgart,HSG Wetzlar,winamax_de,1.33,11.5,4.2,,,,,,,2026-10-06 18:29:11.030836
5308bb16311c5b268f00156efca1ae1f,handball_germany_bundesliga,2026-10-08 17:00:00,TVB Stuttgart,HSG Wetzlar,betclic_fr,1.34,9.5,3.62,,,,,,,2026-10-06 18:29:11.030836
5308bb16311c5b268f00156efca1ae1f,handball_germany_bundesliga,2026-10-08 17:00:00,TVB Stuttgart,HSG Wetzlar,codere_it,1.36,10.0,3.8,,,,,,,2026-10-06 18:29:11.030836
5308bb16311c5b268f00156efca1ae1f,handball_germany_bundesliga,2026-10-08 17:00:00,TVB Stuttgart,HSG Wetzlar,livescorebet,1.32,11.0,4.35,,,,,,,2026-10-06 18:29:11.030836
5308bb16311c5b268f00156efca1ae1f,handball_germany_bundesliga,2026-10-08 17:00:00,TVB Stuttgart,HSG Wetzlar,virginbet,1.32,11.0,4.35,,,,,,,2026-10-06 18:29:11.030836
5308bb16311c5b268f00156efca1ae1f,handball_germany_bundesliga,2026-10-08 17:00:00,TVB Stuttgart,HSG Wetzlar,pmu_fr,1.28,9.5,4.0,,,,,,,2026-10-06 18:29:11.030836
5308bb16311c5b268f00156efca1ae1f,handball_germany_bundesliga,2026-10-08 17:00:00,TVB Stuttgart,HSG Wetzlar,casumo,1.32,11.0,4.35,,,,,,,2026-10-06 18:29:11.030836
5308bb16311c5b268f00156efca1ae1f,handball_germany_bundesliga,2026-10-08 17:00:00,TVB Stuttgart,HSG Wetzlar,grosvenor,1.32,11.0,4.35,,,,,,,2026-10-06 18:29:11.030836
5308bb16311c5b268f00156efca1ae1f,handball_germany_bundesliga,2026-10-08 17:00:00,TVB Stuttgart,HSG Wetzlar,unibet_nl,1.32,11.0,4.35,,,,,,,2026-10-06 18:29:11.030836
5308bb16311c5b268f00156efca1ae1f,handball_germany_bundesliga,2026-10-08 17:00:00,TVB Stuttgart,HSG Wetzlar,nordicbet,1.31,9.25,4.3,,,,,,,2026-10-06 18:29:11.030836
5308bb16311c5b268f00156efca1ae1f,handball_germany_bundesliga,2026-10-08 17:00:00,TVB Stuttgart,HSG Wetzlar,paddypower,1.33,10.0,4.0,,,,,,,2026-10-06 18:29:11.030836
5308bb16311c5b268f00156efca1ae1f,handball_germany_bundesliga,2026-10-08 17:00:00,TVB Stuttgart,HSG Wetzlar,coolbet,1.35,9.5,4.2,,,,,,,2026-10-06 18:29:11.030836
5308bb16311c5b268f00156efca1ae1f,handball_germany_bundesliga,2026-10-08 17:00:00,TVB Stuttgart,HSG Wetzlar,betsson,1.31,9.25,4.3,,,,,,,2026-10-06 18:29:11.030836
5308bb16311c5b268f00156efca1ae1f,handball_germany_bundesliga,2026-10-08 17:00:00,TVB Stuttgart,HSG Wetzlar,sport888,1.33,9.0,3.75,,,,,,,2026-10-06 18:29:11.030836
1987ad5b7c2dfb0212ded2c6d59df7e4,handball_germany_bundesliga,2026-10-08 17:00:00,Rhein-Neckar Löwen,ThSV Eisenach,tipico_de,1.25,12.0,4.9,,,,,,,2026-10-06 18:29:11.030836
1987ad5b7c2dfb0212ded2c6d59df7e4,handball_germany_bundesliga,2026-10-08 17:00:00,Rhein-Neckar Löwen,ThSV Eisenach,betsson,1.24,9.75,5.25,,,,,,,2026-10-06 18:29:11.030836
1987ad5b7c2dfb0212ded2c6d59df7e4,handball_germany_bundesliga,2026-10-08 17:00:00,Rhein-Neckar Löwen,ThSV Eisenach,unibet_uk,1.25,11.0,4.8,,,,,,,2026-10-06 18:29:11.030836
1987ad5b7c2dfb0212ded2c6d59df7e4,handball_germany_bundesliga,2026-10-08 17:00:00,Rhein-Neckar Löwen,ThSV Eisenach,ladbrokes_uk,1.25,9.5,4.6,,,,,,,2026-10-06 18:29:11.030836
1987ad5b7c2dfb0212ded2c6d59df7e4,handball_germany_bundesliga,2026-10-08 17:00:00,Rhein-Neckar Löwen,ThSV Eisenach,winamax_fr,1.19,10.5,4.4,,,,,,,2026-10-06 18:29:11.030836
1987ad5b7c2dfb0212ded2c6d59df7e4,handball_germany_bundesliga,2026-10-08 17:00:00,Rhein-Neckar Löwen,ThSV Eisenach,coral,1.25,9.5,4.6,,,,,,,2026-10-06 18:29:11.030836
1987ad5b7c2dfb0212ded2c6d59df7e4,handball_germany_bundesliga,2026-10-08 17:00:00,Rhein-Neckar Löwen,ThSV Eisenach,winamax_de,1.24,12.5,5.2,,,,,,,2026-10-06 18:29:11.030836
1987ad5b7c2dfb0212ded2c6d59df7e4,handball_germany_bundesliga,2026-10-08 17:00:00,Rhein-Neckar Löwen,ThSV Eisenach,betclic_fr,1.24,10.25,4.37,,,,,,,2026-10-06 18:29:11.030836
1987ad5b7c2dfb0212ded2c6d59df7e4,handball_germany_bundesliga,2026-10-08 17:00:00,Rhein-Neckar Löwen,ThSV Eisenach,codere_it,1.26,11.0,4.6,,,,,,,2026-10-06 18:29:11.030836
1987ad5b7c2dfb0212ded2c6d59df7e4,handball_germany_bundesliga,2026-10-08 17:00:00,Rhein-Neckar Löwen,ThSV Eisenach,nordicbet,1.24,9.75,5.25,,,,,,,2026-10-06 18:29:11.030836
1987ad5b7c2dfb0212ded2c6d59df7e4,handball_germany_bundesliga,2026-10-08 17:00:00,Rhein-Neckar Löwen,ThSV Eisenach,livescorebet,1.23,12.0,5.5,,,,,,,2026-10-06 18:29:11.030836
1987ad5b7c2dfb0212ded2c6d59df7e4,handball_germany_bundesliga,2026-10-08 17:00:00,Rhein-Neckar Löwen,ThSV Eisenach,virginbet,1.23,12.0,5.5,,,,,,,2026-10-06 18:29:11.030836
1987ad5b7c2dfb0212ded2c6d59df7e4,handball_germany_bundesliga,2026-10-08 17:00:00,Rhein-Neckar Löwen,ThSV Eisenach,pmu_fr,1.2,10.0,5.0,,,,,,,2026-10-06 18:29:11.030836
1987ad5b7c2dfb0212ded2c6d59df7e4,handball_germany_bundesliga,2026-10-08 17:00:00,Rhein-Neckar Löwen,ThSV Eisenach,casumo,1.23,12.0,5.5,,,,,,,2026-10-06 18:29:11.030836
1987ad5b7c2dfb0212ded2c6d59df7e4,handball_germany_bundesliga,2026-10-08 17:00:00,Rhein-Neckar Löwen,ThSV Eisenach,grosvenor,1.23,12.0,5.5,,,,,,,2026-10-06 18:29:11.030836
1987ad5b7c2dfb0212ded2c6d59df7e4,handball_germany_bundesliga,2026-10-08 17:00:00,Rhein-Neckar Löwen,ThSV Eisenach,unibet_nl,1.23,12.0,5.5,,,,,,,2026-10-06 18:29:11.030836
1987ad5b7c2dfb0212ded2c6d59df7e4,handball_germany_bundesliga,2026-10-08 17:00:00,Rhein-Neckar Löwen,ThSV Eisenach,coolbet,1.26,10.0,5.25,,,,,,,2026-10-06 18:29:11.030836
1987ad5b7c2dfb0212ded2c6d59df7e4,handball_germany_bundesliga,2026-10-08 17:00:00,Rhein-Neckar Löwen,ThSV Eisenach,paddypower,1.25,11.0,5.0,,,,,,,2026-10-06 18:29:11.030836
1987ad5b7c2dfb0212ded2c6d59df7e4,handball_germany_bundesliga,2026-10-08 17:00:00,Rhein-Neckar Löwen,ThSV Eisenach,sport888,1.25,9.5,4.5,,,,,,,2026-10-06 18:29:11.030836
51e586c9fbd55d6dde11f2d2b36cf512,handball_germany_bundesliga,2026-10-09 17:00:00,TSV Hannover-Burgdorf,SG Flensburg-Handewitt,tipico_de,3.8,9.0,1.4,,,,,,,2026-10-06 18:29:11.030836
51e586c9fbd55d6dde11f2d2b36cf512,handball_germany_bundesliga,2026-10-09 17:00:00,TSV Hannover-Burgdorf,SG Flensburg-Handewitt,betsson,3.6,8.5,1.4,,,,,,,2026-10-06 18:29:11.030836
51e586c9fbd55d6dde11f2d2b36cf512,handball_germany_bundesliga,2026-10-09 17:00:00,TSV Hannover-Burgdorf,SG Flensburg-Handewitt,unibet_uk,3.6,9.0,1.42,,,,,,,2026-10-06 18:29:11.030836
51e586c9fbd55d6dde11f2d2b36cf512,handball_germany_bundesliga,2026-10-09 17:00:00,TSV Hannover-Burgdorf,SG Flensburg-Handewitt,ladbrokes_uk,3.5,8.0,1.4,,,,,,,2026-10-06 18:29:11.030836
51e586c9fbd55d6dde11f2d2b36cf512,handball_germany_bundesliga,2026-10-09 17:00:00,TSV Hannover-Burgdorf,SG Flensburg-Handewitt,winamax_fr,3.5,8.5,1.33,,,,,,,2026-10-06 18:29:11.030836
51e586c9fbd55d6dde11f2d2b36cf512,handball_germany_bundesliga,2026-10-09 17:00:00,TSV Hannover-Burgdorf,SG Flensburg-Handewitt,coral,3.5,8.0,1.4,,,,,,,2026-10-06 18:29:11.030836
51e586c9fbd55d6dde11f2d2b36cf512,handball_germany_bundesliga,2026-10-09 17:00:00,TSV Hannover-Burgdorf,SG Flensburg-Handewitt,winamax_de,3.95,9.5,1.39,,,,,,,2026-10-06 18:29:11.030836
51e586c9fbd55d6dde11f2d2b36cf512,handball_germany_bundesliga,2026-10-09 17:00:00,TSV Hannover-Burgdorf,SG Flensburg-Handewitt,betclic_fr,3.45,8.4,1.39,,,,,,,2026-10-06 18:29:11.030836
51e586c9fbd55d6dde11f2d2b36cf512,handball_germany_bundesliga,2026-10-09 17:00:00,TSV Hannover-Burgdorf,SG Flensburg-Handewitt,nordicbet,3.6,8.5,1.4,,,,,,,2026-10-06 18:29:11.030836
51e586c9fbd55d6dde11f2d2b36cf512,handball_germany_bundesliga,2026-10-09 17:00:00,TSV Hannover-Burgdorf,SG Flensburg-Handewitt,livescorebet,3.5,9.5,1.43,,,,,,,2026-10-06 18:29:11.030836
51e586c9fbd55d6dde11f2d2b36cf512,handball_germany_bundesliga,2026-10-09 17:00:00,TSV Hannover-Burgdorf,SG Flensburg-Handewitt,virginbet,3.5,9.5,1.43,,,,,,,2026-10-06 18:29:11.030836
51e586c9fbd55d6dde11f2d2b36cf512,handball_germany_bundesliga,2026-10-09 17:00:00,TSV Hannover-Burgdorf,SG Flensburg-Handewitt,pmu_fr,3.3,9.0,1.38,,,,,,,2026-10-06 18:29:11.030836
51e586c9fbd55d6dde11f2d2b36cf512,handball_germany_bundesliga,2026-10-09 17:00:00,TSV Hannover-Burgdorf,SG Flensburg-Handewitt,casumo,3.5,9.5,1.43,,,,,,,2026-10-06 18:29:11.030836
51e586c9fbd55d6dde11f2d2b36cf512,handball_germany_bundesliga,2026-10-09 17:00:00,TSV Hannover-Burgdorf,SG Flensburg-Handewitt,grosvenor,3.5,9.5,1.43,,,,,,,2026-10-06 18:29:11.030836
51e586c9fbd55d6dde11f2d2b36cf512,handball_germany_bundesliga,2026-10-09 17:00:00,TSV Hannover-Burgdorf,SG Flensburg-Handewitt,unibet_nl,3.5,9.5,1.43,,,,,,,2026-10-06 18:29:11.030836
51e586c9fbd55d6dde11f2d2b36cf512,handball_germany_bundesliga,2026-10-09 17:00:00,TSV Hannover-Burgdorf,SG Flensburg-Handewitt,codere_it,3.6,8.8,1.41,,,,,,,2026-10-06 18:29:11.030836
51e586c9fbd55d6dde11f2d2b36cf512,handball_germany_bundesliga,2026-10-09 17:00:00,TSV Hannover-Burgdorf,SG Flensburg-Handewitt,paddypower,3.75,8.5,1.4,,,,,,,2026-10-06 18:29:11.030836
51e586c9fbd55d6dde11f2d2b36cf512,handball_germany_bundesliga,2026-10-09 17:00:00,TSV Hannover-Burgdorf,SG Flensburg-Handewitt,coolbet,3.75,8.75,1.44,,,,,,,2026-10-06 18:29:11.030836
a90e4ee2f42650f25bbd70b4185966af,handball_germany_bundesliga,2026-10-10 17:00:00,Frisch Auf Göppingen,SG BBM Bietigheim,tipico_de,1.22,10.0,6.0,,,,,,,2026-10-06 18:29:11.030836
a90e4ee2f42650f25bbd70b4185966af,handball_germany_bundesliga,2026-10-10 17:00:00,Frisch Auf Göppingen,SG BBM Bietigheim,unibet_uk,1.23,10.5,5.5,,,,,,,2026-10-06 18:29:11.030836
a90e4ee2f42650f25bbd70b4185966af,handball_germany_bundesliga,2026-10-10 17:00:00,Frisch Auf Göppingen,SG BBM Bietigheim,ladbrokes_uk,1.22,9.0,5.5,,,,,,,2026-10-06 18:29:11.030836
a90e4ee2f42650f25bbd70b4185966af,handball_germany_bundesliga,2026-10-10 17:00:00,Frisch Auf Göppingen,SG BBM Bietigheim,winamax_fr,1.17,9.5,5.0,,,,,,,2026-10-06 18:29:11.030836
a90e4ee2f42650f25bbd70b4185966af,handball_germany_bundesliga,2026-10-10 17:00:00,Frisch Auf Göppingen,SG BBM Bietigheim,coral,1.22,9.0,5.5,,,,,,,2026-10-06 18:29:11.030836
a90e4ee2f42650f25bbd70b4185966af,handball_germany_bundesliga,2026-10-10 17:00:00,Frisch Auf Göppingen,SG BBM Bietigheim,winamax_de,1.22,11.5,6.0,,,,,,,2026-10-06 18:29:11.030836
a90e4ee2f42650f25bbd70b4185966af,handball_germany_bundesliga,2026-10-10 17:00:00,Frisch Auf Göppingen,SG BBM Bietigheim,betclic_fr,1.21,9.55,5.1,,,,,,,2026-10-06 18:29:11.030836
a90e4ee2f42650f25bbd70b4185966af,handball_germany_bundesliga,2026-10-10 17:00:00,Frisch Auf Göppingen,SG BBM Bietigheim,livescorebet,1.25,10.5,5.0,,,,,,,2026-10-06 18:29:11.030836
a90e4ee2f42650f25bbd70b4185966af,handball_germany_bundesliga,2026-10-10 17:00:00,Frisch Auf Göppingen,SG BBM Bietigheim,virginbet,1.25,10.5,5.0,,,,,,,2026-10-06 18:29:11.030836
a90e4ee2f42650f25bbd70b4185966af,handball_germany_bundesliga,2026-10-10 17:00:00,Frisch Auf Göppingen,SG BBM Bietigheim,pmu_fr,1.22,10.0,4.75,,,,,,,2026-10-06 18:29:11.030836
a90e4ee2f42650f25bbd70b4185966af,handball_germany_bundesliga,2026-10-10 17:00:00,Frisch Auf Göppingen,SG BBM Bietigheim,casumo,1.25,10.5,5.0,,,,,,,2026-10-06 18:29:11.030836
a90e4ee2f42650f25bbd70b4185966af,handball_germany_bundesliga,2026-10-10 17:00:00,Frisch Auf Göppingen,SG BBM Bietigheim,grosvenor,1.25,10.5,5.0,,,,,,,2026-10-06 18:29:11.030836
a90e4ee2f42650f25bbd70b4185966af,handball_germany_bundesliga,2026-10-10 17:00:00,Frisch Auf Göppingen,SG BBM Bietigheim,unibet_nl,1.25,10.5,5.0,,,,,,,2026-10-06 18:29:11.030836
a90e4ee2f42650f25bbd70b4185966af,handball_germany_bundesliga,2026-10-10 17:00:00,Frisch Auf Göppingen,SG BBM Bietigheim,nordicbet,1.21,10.5,5.75,,,,,,,2026-10-06 18:29:11.030836
a90e4ee2f42650f25bbd70b4185966af,handball_germany_bundesliga,2026-10-10 17:00:00,Frisch Auf Göppingen,SG BBM Bietigheim,betsson,1.21,10.5,5.75,,,,,,,2026-10-06 18:29:11.030836
a90e4ee2f42650f25bbd70b4185966af,handball_germany_bundesliga,2026-10-10 17:00:00,Frisch Auf Göppingen,SG BBM Bietigheim,codere_it,1.22,10.0,5.4,,,,,,,2026-10-06 18:29:11.030836
313fc0752041f93c537d5b4b4096984d,handball_germany_bundesliga,2026-10-11 13:00:00,THW Kiel,HSV Hamburg,tipico_de,1.08,14.0,11.0,,,,,,,2026-10-06 18:29:11.030836
313fc0752041f93c537d5b4b4096984d,handball_germany_bundesliga,2026-10-11 13:00:00,THW Kiel,HSV Hamburg,betsson,1.09,14.5,9.75,,,,,,,2026-10-06 18:29:11.030836
313fc0752041f93c537d5b4b4096984d,handball_germany_bundesliga,2026-10-11 13:00:00,THW Kiel,HSV Hamburg,unibet_uk,1.08,15.0,9.5,,,,,,,2026-10-06 18:29:11.030836
313fc0752041f93c537d5b4b4096984d,handball_germany_bundesliga,2026-10-11 13:00:00,THW Kiel,HSV Hamburg,ladbrokes_uk,1.09,13.0,9.5,,,,,,,2026-10-06 18:29:11.030836
313fc0752041f93c537d5b4b4096984d,handball_germany_bundesliga,2026-10-11 13:00:00,THW Kiel,HSV Hamburg,winamax_fr,1.07,11.5,7.5,,,,,,,2026-10-06 18:29:11.030836
313fc0752041f93c537d5b4b4096984d,handball_germany_bundesliga,2026-10-11 13:00:00,THW Kiel,HSV Hamburg,coral,1.09,13.0,9.5,,,,,,,2026-10-06 18:29:11.030836
313fc0752041f93c537d5b4b4096984d,handball_germany_bundesliga,2026-10-11 13:00:00,THW Kiel,HSV Hamburg,winamax_de,1.1,15.0,10.0,,,,,,,2026-10-06 18:29:11.030836
313fc0752041f93c537d5b4b4096984d,handball_germany_bundesliga,2026-10-11 13:00:00,THW Kiel,HSV Hamburg,nordicbet,1.09,14.5,9.75,,,,,,,2026-10-06 18:29:11.030836
313fc0752041f93c537d5b4b4096984d,handball_germany_bundesliga,2026-10-11 13:00:00,THW Kiel,HSV Hamburg,betclic_fr,1.08,12.25,8.1,,,,,,,2026-10-06 18:29:11.030836
313fc0752041f93c537d5b4b4096984d,handball_germany_bundesliga,2026-10-11 13:00:00,THW Kiel,HSV Hamburg,livescorebet,1.09,17.0,9.5,,,,,,,2026-10-06 18:29:11.030836
313fc0752041f93c537d5b4b4096984d,handball_germany_bundesliga,2026-10-11 13:00:00,THW Kiel,HSV Hamburg,virginbet,1.09,17.0,9.5,,,,,,,2026-10-06 18:29:11.030836
313fc0752041f93c537d5b4b4096984d,handball_germany_bundesliga,2026-10-11 13:00:00,THW Kiel,HSV Hamburg,pmu_fr,1.07,13.0,8.0,,,,,,,2026-10-06 18:29:11.030836
313fc0752041f93c537d5b4b4096984d,handball_germany_bundesliga,2026-10-11 13:00:00,THW Kiel,HSV Hamburg,casumo,1.09,17.0,9.5,,,,,,,2026-10-06 18:29:11.030836
313fc0752041f93c537d5b4b4096984d,handball_germany_bundesliga,2026-10-11 13:00:00,THW Kiel,HSV Hamburg,grosvenor,1.09,17.0,9.5,,,,,,,2026-10-06 18:29:11.030836
313fc0752041f93c537d5b4b4096984d,handball_germany_bundesliga,2026-10-11 13:00:00,THW Kiel,HSV Hamburg,unibet_nl,1.09,17.0,9.5,,,,,,,2026-10-06 18:29:11.030836
823c7a74c7101f4eb53fda7ebc8a62a9,handball_germany_bundesliga,2026-10-11 14:30:00,HC Erlangen,MT Melsungen,tipico_de,3.4,7.8,1.5,,,,,,,2026-10-06 18:29:11.030836
823c7a74c7101f4eb53fda7ebc8a62a9,handball_germany_bundesliga,2026-10-11 14:30:00,HC Erlangen,MT Melsungen,betsson,3.3,7.75,1.52,,,,,,,2026-10-06 18:29:11.030836
823c7a74c7101f4eb53fda7ebc8a62a9,handball_germany_bundesliga,2026-10-11 14:30:00,HC Erlangen,MT Melsungen,unibet_uk,3.3,8.0,1.5,,,,,,,2026-10-06 18:29:11.030836
823c7a74c7101f4eb53fda7ebc8a62a9,handball_germany_bundesliga,2026-10-11 14:30:00,HC Erlangen,MT Melsungen,ladbrokes_uk,3.2,7.0,1.5,,,,,,,2026-10-06 18:29:11.030836
823c7a74c7101f4eb53fda7ebc8a62a9,handball_germany_bundesliga,2026-10-11 14:30:00,HC Erlangen,MT Melsungen,winamax_fr,3.1,7.5,1.42,,,,,,,2026-10-06 18:29:11.030836
823c7a74c7101f4eb53fda7ebc8a62a9,handball_germany_bundesliga,2026-10-11 14:30:00,HC Erlangen,MT Melsungen,coral,3.2,7.0,1.5,,,,,,,2026-10-06 18:29:11.030836
823c7a74c7101f4eb53fda7ebc8a62a9,handball_germany_bundesliga,2026-10-11 14:30:00,HC Erlangen,MT Melsungen,winamax_de,3.45,8.5,1.49,,,,,,,2026-10-06 18:29:11.030836
823c7a74c7101f4eb53fda7ebc8a62a9,handball_germany_bundesliga,2026-10-11 14:30:00,HC Erlangen,MT Melsungen,betclic_fr,3.1,7.6,1.48,,,,,,,2026-10-06 18:29:11.030836
823c7a74c7101f4eb53fda7ebc8a62a9,handball_germany_bundesliga,2026-10-11 14:30:00,HC Erlangen,MT Melsungen,nordicbet,3.3,7.75,1.52,,,,,,,2026-10-06 18:29:11.030836
823c7a74c7101f4eb53fda7ebc8a62a9,handball_germany_bundesliga,2026-10-11 14:30:00,HC Erlangen,MT Melsungen,livescorebet,3.35,10.0,1.47,,,,,,,2026-10-06 18:29:11.030836
823c7a74c7101f4eb53fda7ebc8a62a9,handball_germany_bundesliga,2026-10-11 14:30:00,HC Erlangen,MT Melsungen,virginbet,3.35,10.0,1.47,,,,,,,2026-10-06 18:29:11.030836
823c7a74c7101f4eb53fda7ebc8a62a9,handball_germany_bundesliga,2026-10-11 14:30:00,HC Erlangen,MT Melsungen,pmu_fr,3.15,8.5,1.42,,,,,,,2026-10-06 18:29:11.030836
823c7a74c7101f4eb53fda7ebc8a62a9,handball_germany_bundesliga,2026-10-11 14:30:00,HC Erlangen,MT Melsungen,casumo,3.35,10.0,1.47,,,,,,,2026-10-06 18:29:11.030836
823c7a74c7101f4eb53fda7ebc8a62a9,handball_germany_bundesliga,2026-10-11 14:30:00,HC Erlangen,MT Melsungen,grosvenor,3.35,10.0,1.47,,,,,,,2026-10-06 18:29:11.030836
823c7a74c7101f4eb53fda7ebc8a62a9,handball_germany_bundesliga,2026-10-11 14:30:00,HC Erlangen,MT Melsungen,unibet_nl,3.35,10.0,1.47,,,,,,,2026-10-06 18:29:11.030836
e2615050e2c168e25452ff65f257ef04,handball_germany_bundesliga,2026-10-11 16:00:00,Füchse Berlin,TBV Lemgo,tipico_de,1.1,14.0,9.5,,,,,,,2026-10-06 18:29:11.030836
e2615050e2c168e25452ff65f257ef04,handball_germany_bundesliga,2026-10-11 16:00:00,Füchse Berlin,TBV Lemgo,betsson,1.11,13.5,8.75,,,,,,,2026-10-06 18:29:11.030836
e2615050e2c168e25452ff65f257ef04,handball_germany_bundesliga,2026-10-11 16:00:00,Füchse Berlin,TBV Lemgo,unibet_uk,1.12,13.0,8.5,,,,,,,2026-10-06 18:29:11.030836
e2615050e2c168e25452ff65f257ef04,handball_germany_bundesliga,2026-10-11 16:00:00,Füchse Berlin,TBV Lemgo,ladbrokes_uk,1.11,12.0,8.0,,,,,,,2026-10-06 18:29:11.030836
e2615050e2c168e25452ff65f257ef04,handball_germany_bundesliga,2026-10-11 16:00:00,Füchse Berlin,TBV Lemgo,winamax_fr,1.09,10.5,6.75,,,,,,,2026-10-06 18:29:11.030836
e2615050e2c168e25452ff65f257ef04,handball_germany_bundesliga,2026-10-11 16:00:00,Füchse Berlin,TBV Lemgo,coral,1.11,12.0,8.0,,,,,,,2026-10-06 18:29:11.030836
e2615050e2c168e25452ff65f257ef04,handball_germany_bundesliga,2026-10-11 16:00:00,Füchse Berlin,TBV Lemgo,winamax_de,1.12,14.0,8.5,,,,,,,2026-10-06 18:29:11.030836
e2615050e2c168e25452ff65f257ef04,handball_germany_bundesliga,2026-10-11 16:00:00,Füchse Berlin,TBV Lemgo,betclic_fr,1.1,11.75,7.3,,,,,,,2026-10-06 18:29:11.030836
e2615050e2c168e25452ff65f257ef04,handball_germany_bundesliga,2026-10-11 16:00:00,Füchse Berlin,TBV Lemgo,nordicbet,1.11,13.5,8.75,,,,,,,2026-10-06 18:29:11.030836
e2615050e2c168e25452ff65f257ef04,handball_germany_bundesliga,2026-10-11 16:00:00,Füchse Berlin,TBV Lemgo,livescorebet,1.12,16.0,8.0,,,,,,,2026-10-06 18:29:11.030836
e2615050e2c168e25452ff65f257ef04,handball_germany_bundesliga,2026-10-11 16:00:00,Füchse Berlin,TBV Lemgo,virginbet,1.12,16.0,8.0,,,,,,,2026-10-06 18:29:11.030836
e2615050e2c168e25452ff65f257ef04,handball_germany_bundesliga,2026-10-11 16:00:00,Füchse Berlin,TBV Lemgo,pmu_fr,1.1,12.5,6.75,,,,,,,2026-10-06 18:29:11.030836
e2615050e2c168e25452ff65f257ef04,handball_germany_bundesliga,2026-10-11 16:00:00,Füchse Berlin,TBV Lemgo,casumo,1.12,16.0,8.0,,,,,,,2026-10-06 18:29:11.030836
e2615050e2c168e25452ff65f257ef04,handball_germany_bundesliga,2026-10-11 16:00:00,Füchse Berlin,TBV Lemgo,grosvenor,1.12,16.0,8.0,,,,,,,2026-10-06 18:29:11.030836
e2615050e2c168e25452ff65f257ef04,handball_germany_bundesliga,2026-10-11 16:00:00,Füchse Berlin,TBV Lemgo,unibet_nl,1.12,16.0,8.0,,,,,,,2026-10-06 18:29:11.030836
5308bb16311c5b268f00156efca1ae1f,handball_germany_bundesliga,2026-10-08 17:00:00,TVB Stuttgart,HSG Wetzlar,tipico_de,1.35,9.5,4.1,,,,,,,2026-10-06 18:33:22.155753
5308bb16311c5b268f00156efca1ae1f,handball_germany_bundesliga,2026-10-08 17:00:00,TVB Stuttgart,HSG Wetzlar,unibet_uk,1.37,10.5,3.8,,,,,,,2026-10-06 18:33:22.155753
5308bb16311c5b268f00156efca1ae1f,handball_germany_bundesliga,2026-10-08 17:00:00,TVB Stuttgart,HSG Wetzlar,ladbrokes_uk,1.36,8.5,3.75,,,,,,,2026-10-06 18:33:22.155753
5308bb16311c5b268f00156efca1ae1f,handball_germany_bundesliga,2026-10-08 17:00:00,TVB Stuttgart,HSG Wetzlar,winamax_fr,1.28,9.5,3.7,,,,,,,2026-10-06 18:33:22.155753
5308bb16311c5b268f00156efca1ae1f,handball_germany_bundesliga,2026-10-08 17:00:00,TVB Stuttgart,HSG Wetzlar,coral,1.36,8.5,3.75,,,,,,,2026-10-06 18:33:22.155753
5308bb16311c5b268f00156efca1ae1f,handball_germany_bundesliga,2026-10-08 17:00:00,TVB Stuttgart,HSG Wetzlar,winamax_de,1.33,11.5,4.2,,,,,,,2026-10-06 18:33:22.155753
5308bb16311c5b268f00156efca1ae1f,handball_germany_bundesliga,2026-10-08 17:00:00,TVB Stuttgart,HSG Wetzlar,betclic_fr,1.34,9.5,3.62,,,,,,,2026-10-06 18:33:22.155753
5308bb16311c5b268f00156efca1ae1f,handball_germany_bundesliga,2026-10-08 17:00:00,TVB Stuttgart,HSG Wetzlar,codere_it,1.36,10.0,3.8,,,,,,,2026-10-06 18:33:22.155753
5308bb16311c5b268f00156efca1ae1f,handball_germany_bundesliga,2026-10-08 17:00:00,TVB Stuttgart,HSG Wetzlar,livescorebet,1.32,11.0,4.35,,,,,,,2026-10-06 18:33:22.155753
5308bb16311c5b268f00156efca1ae1f,handball_germany_bundesliga,2026-10-08 17:00:00,TVB Stuttgart,HSG Wetzlar,virginbet,1.32,11.0,4.35,,,,,,,2026-10-06 18:33:22.155753
5308bb16311c5b268f00156efca1ae1f,handball_germany_bundesliga,2026-10-08 17:00:00,TVB Stuttgart,HSG Wetzlar,pmu_fr,1.28,9.5,4.0,,,,,,,2026-10-06 18:33:22.155753
5308bb16311c5b268f00156efca1ae1f,handball_germany_bundesliga,2026-10-08 17:00:00,TVB Stuttgart,HSG Wetzlar,casumo,1.32,11.0,4.35,,,,,,,2026-10-06 18:33:22.155753
5308bb16311c5b268f00156efca1ae1f,handball_germany_bundesliga,2026-10-08 17:00:00,TVB Stuttgart,HSG Wetzlar,grosvenor,1.32,11.0,4.35,,,,,,,2026-10-06 18:33:22.155753
5308bb16311c5b268f00156efca1ae1f,handball_germany_bundesliga,2026-10-08 17:00:00,TVB Stuttgart,HSG Wetzlar,unibet_nl,1.32,11.0,4.35,,,,,,,2026-10-06 18:33:22.155753
5308bb16311c5b268f00156efca1ae1f,handball_germany_bundesliga,2026-10-08 17:00:00,TVB Stuttgart,HSG Wetzlar,nordicbet,1.31,9.25,4.3,,,,,,,2026-10-06 18:33:22.155753
5308bb16311c5b268f00156efca1ae1f,handball_germany_bundesliga,2026-10-08 17:00:00,TVB Stuttgart,HSG Wetzlar,paddypower,1.33,10.0,4.0,,,,,,,2026-10-06 18:33:22.155753
5308bb16311c5b268f00156efca1ae1f,handball_germany_bundesliga,2026-10-08 17:00:00,TVB Stuttgart,HSG Wetzlar,coolbet,1.35,9.5,4.2,,,,,,,2026-10-06 18:33:22.155753
5308bb16311c5b268f00156efca1ae1f,handball_germany_bundesliga,2026-10-08 17:00:00,TVB Stuttgart,HSG Wetzlar,betsson,1.31,9.25,4.3,,,,,,,2026-10-06 18:33:22.155753
5308bb16311c5b268f00156efca1ae1f,handball_germany_bundesliga,2026-10-08 17:00:00,TVB Stuttgart,HSG Wetzlar,sport888,1.33,9.0,3.75,,,,,,,2026-10-06 18:33:22.155753
1987ad5b7c2dfb0212ded2c6d59df7e4,handball_germany_bundesliga,2026-10-08 17:00:00,Rhein-Neckar Löwen,ThSV Eisenach,tipico_de,1.25,12.0,4.9,,,,,,,2026-10-06 18:33:22.155753
1987ad5b7c2dfb0212ded2c6d59df7e4,handball_germany_bundesliga,2026-10-08 17:00:00,Rhein-Neckar Löwen,ThSV Eisenach,betsson,1.24,9.75,5.25,,,,,,,2026-10-06 18:33:22.155753
1987ad5b7c2dfb0212ded2c6d59df7e4,handball_germany_bundesliga,2026-10-08 17:00:00,Rhein-Neckar Löwen,ThSV Eisenach,unibet_uk,1.25,11.0,4.8,,,,,,,2026-10-06 18:33:22.155753
1987ad5b7c2dfb0212ded2c6d59df7e4,handball_germany_bundesliga,2026-10-08 17:00:00,Rhein-Neckar Löwen,ThSV Eisenach,ladbrokes_uk,1.25,9.5,4.6,,,,,,,2026-10-06 18:33:22.155753
1987ad5b7c2dfb0212ded2c6d59df7e4,handball_germany_bundesliga,2026-10-08 17:00:00,Rhein-Neckar Löwen,ThSV Eisenach,winamax_fr,1.19,10.5,4.4,,,,,,,2026-10-06 18:33:22.155753
1987ad5b7c2dfb0212ded2c6d59df7e4,handball_germany_bundesliga,2026-10-08 17:00:00,Rhein-Neckar Löwen,ThSV Eisenach,coral,1.25,9.5,4.6,,,,,,,2026-10-06 18:33:22.155753
1987ad5b7c2dfb0212ded2c6d59df7e4,handball_germany_bundesliga,2026-10-08 17:00:00,Rhein-Neckar Löwen,ThSV Eisenach,winamax_de,1.24,12.5,5.2,,,,,,,2026-10-06 18:33:22.155753
1987ad5b7c2dfb0212ded2c6d59df7e4,handball_germany_bundesliga,2026-10-08 17:00:00,Rhein-Neckar Löwen,ThSV Eisenach,betclic_fr,1.24,10.25,4.37,,,,,,,2026-10-06 18:33:22.155753
1987ad5b7c2dfb0212ded2c6d59df7e4,handball_germany_bundesliga,2026-10-08 17:00:00,Rhein-Neckar Löwen,ThSV Eisenach,codere_it,1.26,11.0,4.6,,,,,,,2026-10-06 18:33:22.155753
1987ad5b7c2dfb0212ded2c6d59df7e4,handball_germany_bundesliga,2026-10-08 17:00:00,Rhein-Neckar Löwen,ThSV Eisenach,nordicbet,1.24,9.75,5.25,,,,,,,2026-10-06 18:33:22.155753
1987ad5b7c2dfb0212ded2c6d59df7e4,handball_germany_bundesliga,2026-10-08 17:00:00,Rhein-Neckar Löwen,ThSV Eisenach,livescorebet,1.23,12.0,5.5,,,,,,,2026-10-06 18:33:22.155753
1987ad5b7c2dfb0212ded2c6d59df7e4,handball_germany_bundesliga,2026-10-08 17:00:00,Rhein-Neckar Löwen,ThSV Eisenach,virginbet,1.23,12.0,5.5,,,,,,,2026-10-06 18:33:22.155753
1987ad5b7c2dfb0212ded2c6d59df7e4,handball_germany_bundesliga,2026-10-08 17:00:00,Rhein-Neckar Löwen,ThSV Eisenach,pmu_fr,1.2,10.0,5.0,,,,,,,2026-10-06 18:33:22.155753
1987ad5b7c2dfb0212ded2c6d59df7e4,handball_germany_bundesliga,2026-10-08 17:00:00,Rhein-Neckar Löwen,ThSV Eisenach,casumo,1.23,12.0,5.5,,,,,,,2026-10-06 18:33:22.155753
1987ad5b7c2dfb0212ded2c6d59df7e4,handball_germany_bundesliga,2026-10-08 17:00:00,Rhein-Neckar Löwen,ThSV Eisenach,grosvenor,1.23,12.0,5.5,,,,,,,2026-10-06 18:33:22.155753
1987ad5b7c2dfb0212ded2c6d59df7e4,handball_germany_bundesliga,2026-10-08 17:00:00,Rhein-Neckar Löwen,ThSV Eisenach,unibet_nl,1.23,12.0,5.5,,,,,,,2026-10-06 18:33:22.155753
1987ad5b7c2dfb0212ded2c6d59df7e4,handball_germany_bundesliga,2026-10-08 17:00:00,Rhein-Neckar Löwen,ThSV Eisenach,coolbet,1.26,10.0,5.25,,,,,,,2026-10-06 18:33:22.155753
1987ad5b7c2dfb0212ded2c6d59df7e4,handball_germany_bundesliga,2026-10-08 17:00:00,Rhein-Neckar Löwen,ThSV Eisenach,paddypower,1.25,11.0,5.0,,,,,,,2026-10-06 18:33:22.155753
1987ad5b7c2dfb0212ded2c6d59df7e4,handball_germany_bundesliga,2026-10-08 17:00:00,Rhein-Neckar Löwen,ThSV Eisenach,sport888,1.25,9.5,4.5,,,,,,,2026-10-06 18:33:22.155753
51e586c9fbd55d6dde11f2d2b36cf512,handball_germany_bundesliga,2026-10-09 17:00:00,TSV Hannover-Burgdorf,SG Flensburg-Handewitt,tipico_de,3.8,9.0,1.4,,,,,,,2026-10-06 18:33:22.155753
51e586c9fbd55d6dde11f2d2b36cf512,handball_germany_bundesliga,2026-10-09 17:00:00,TSV Hannover-Burgdorf,SG Flensburg-Handewitt,betsson,3.6,8.5,1.4,,,,,,,2026-10-06 18:33:22.155753
51e586c9fbd55d6dde11f2d2b36cf512,handball_germany_bundesliga,2026-10-09 17:00:00,TSV Hannover-Burgdorf,SG Flensburg-Handewitt,unibet_uk,3.6,9.0,1.42,,,,,,,2026-10-06 18:33:22.155753
51e586c9fbd55d6dde11f2d2b36cf512,handball_germany_bundesliga,2026-10-09 17:00:00,TSV Hannover-Burgdorf,SG Flensburg-Handewitt,ladbrokes_uk,3.5,8.0,1.4,,,,,,,2026-10-06 18:33:22.155753
51e586c9fbd55d6dde11f2d2b36cf512,handball_germany_bundesliga,2026-10-09 17:00:00,TSV Hannover-Burgdorf,SG Flensburg-Handewitt,winamax_fr,3.5,8.5,1.33,,,,,,,2026-10-06 18:33:22.155753
51e586c9fbd55d6dde11f2d2b36cf512,handball_germany_bundesliga,2026-10-09 17:00:00,TSV Hannover-Burgdorf,SG Flensburg-Handewitt,coral,3.5,8.0,1.4,,,,,,,2026-10-06 18:33:22.155753
51e586c9fbd55d6dde11f2d2b36cf512,handball_germany_bundesliga,2026-10-09 17:00:00,TSV Hannover-Burgdorf,SG Flensburg-Handewitt,winamax_de,3.95,9.5,1.39,,,,,,,2026-10-06 18:33:22.155753
51e586c9fbd55d6dde11f2d2b36cf512,handball_germany_bundesliga,2026-10-09 17:00:00,TSV Hannover-Burgdorf,SG Flensburg-Handewitt,betclic_fr,3.45,8.4,1.39,,,,,,,2026-10-06 18:33:22.155753
51e586c9fbd55d6dde11f2d2b36cf512,handball_germany_bundesliga,2026-10-09 17:00:00,TSV Hannover-Burgdorf,SG Flensburg-Handewitt,nordicbet,3.6,8.5,1.4,,,,,,,2026-10-06 18:33:22.155753
51e586c9fbd55d6dde11f2d2b36cf512,handball_germany_bundesliga,2026-10-09 17:00:00,TSV Hannover-Burgdorf,SG Flensburg-Handewitt,livescorebet,3.5,9.5,1.43,,,,,,,2026-10-06 18:33:22.155753
51e586c9fbd55d6dde11f2d2b36cf512,handball_germany_bundesliga,2026-10-09 17:00:00,TSV Hannover-Burgdorf,SG Flensburg-Handewitt,virginbet,3.5,9.5,1.43,,,,,,,2026-10-06 18:33:22.155753
51e586c9fbd55d6dde11f2d2b36cf512,handball_germany_bundesliga,2026-10-09 17:00:00,TSV Hannover-Burgdorf,SG Flensburg-Handewitt,pmu_fr,3.3,9.0,1.38,,,,,,,2026-10-06 18:33:22.155753
51e586c9fbd55d6dde11f2d2b36cf512,handball_germany_bundesliga,2026-10-09 17:00:00,TSV Hannover-Burgdorf,SG Flensburg-Handewitt,casumo,3.5,9.5,1.43,,,,,,,2026-10-06 18:33:22.155753
51e586c9fbd55d6dde11f2d2b36cf512,handball_germany_bundesliga,2026-10-09 17:00:00,TSV Hannover-Burgdorf,SG Flensburg-Handewitt,grosvenor,3.5,9.5,1.43,,,,,,,2026-10-06 18:33:22.155753
51e586c9fbd55d6dde11f2d2b36cf512,handball_germany_bundesliga,2026-10-09 17:00:00,TSV Hannover-Burgdorf,SG Flensburg-Handewitt,unibet_nl,3.5,9.5,1.43,,,,,,,2026-10-06 18:33:22.155753
51e586c9fbd55d6dde11f2d2b36cf512,handball_germany_bundesliga,2026-10-09 17:00:00,TSV Hannover-Burgdorf,SG Flensburg-Handewitt,codere_it,3.6,8.8,1.41,,,,,,,2026-10-06 18:33:22.155753
51e586c9fbd55d6dde11f2d2b36cf512,handball_germany_bundesliga,2026-10-09 17:00:00,TSV Hannover-Burgdorf,SG Flensburg-Handewitt,paddypower,3.75,8.5,1.4,,,,,,,2026-10-06 18:33:22.155753
51e586c9fbd55d6dde11f2d2b36cf512,handball_germany_bundesliga,2026-10-09 17:00:00,TSV Hannover-Burgdorf,SG Flensburg-Handewitt,coolbet,3.75,8.75,1.44,,,,,,,2026-10-06 18:33:22.155753
a90e4ee2f42650f25bbd70b4185966af,handball_germany_bundesliga,2026-10-10 17:00:00,Frisch Auf Göppingen,SG BBM Bietigheim,tipico_de,1.22,10.0,6.0,,,,,,,2026-10-06 18:33:22.155753
a90e4ee2f42650f25bbd70b4185966af,handball_germany_bundesliga,2026-10-10 17:00:00,Frisch Auf Göppingen,SG BBM Bietigheim,unibet_uk,1.23,10.5,5.5,,,,,,,2026-10-06 18:33:22.155753
a90e4ee2f42650f25bbd70b4185966af,handball_germany_bundesliga,2026-10-10 17:00:00,Frisch Auf Göppingen,SG BBM Bietigheim,ladbrokes_uk,1.22,9.0,5.5,,,,,,,2026-10-06 18:33:22.155753
a90e4ee2f42650f25bbd70b4185966af,handball_germany_bundesliga,2026-10-10 17:00:00,Frisch Auf Göppingen,SG BBM Bietigheim,winamax_fr,1.17,9.5,5.0,,,,,,,2026-10-06 18:33:22.155753
a90e4ee2f42650f25bbd70b4185966af,handball_germany_bundesliga,2026-10-10 17:00:00,Frisch Auf Göppingen,SG BBM Bietigheim,coral,1.22,9.0,5.5,,,,,,,2026-10-06 18:33:22.155753
a90e4ee2f42650f25bbd70b4185966af,handball_germany_bundesliga,2026-10-10 17:00:00,Frisch Auf Göppingen,SG BBM Bietigheim,winamax_de,1.22,11.5,6.0,,,,,,,2026-10-06 18:33:22.155753
a90e4ee2f42650f25bbd70b4185966af,handball_germany_bundesliga,2026-10-10 17:00:00,Frisch Auf Göppingen,SG BBM Bietigheim,betclic_fr,1.21,9.55,5.1,,,,,,,2026-10-06 18:33:22.155753
a90e4ee2f42650f25bbd70b4185966af,handball_germany_bundesliga,2026-10-10 17:00:00,Frisch Auf Göppingen,SG BBM Bietigheim,livescorebet,1.25,10.5,5.0,,,,,,,2026-10-06 18:33:22.155753
a90e4ee2f42650f25bbd70b4185966af,handball_germany_bundesliga,2026-10-10 17:00:00,Frisch Auf Göppingen,SG BBM Bietigheim,virginbet,1.25,10.5,5.0,,,,,,,2026-10-06 18:33:22.155753
a90e4ee2f42650f25bbd70b4185966af,handball_germany_bundesliga,2026-10-10 17:00:00,Frisch Auf Göppingen,SG BBM Bietigheim,pmu_fr,1.22,10.0,4.75,,,,,,,2026-10-06 18:33:22.155753
a90e4ee2f42650f25bbd70b4185966af,handball_germany_bundesliga,2026-10-10 17:00:00,Frisch Auf Göppingen,SG BBM Bietigheim,casumo,1.25,10.5,5.0,,,,,,,2026-10-06 18:33:22.155753
a90e4ee2f42650f25bbd70b4185966af,handball_germany_bundesliga,2026-10-10 17:00:00,Frisch Auf Göppingen,SG BBM Bietigheim,grosvenor,1.25,10.5,5.0,,,,,,,2026-10-06 18:33:22.155753
a90e4ee2f42650f25bbd70b4185966af,handball_germany_bundesliga,2026-10-10 17:00:00,Frisch Auf Göppingen,SG BBM Bietigheim,unibet_nl,1.25,10.5,5.0,,,,,,,2026-10-06 18:33:22.155753
a90e4ee2f42650f25bbd70b4185966af,handball_germany_bundesliga,2026-10-10 17:00:00,Frisch Auf Göppingen,SG BBM Bietigheim,nordicbet,1.21,10.5,5.75,,,,,,,2026-10-06 18:33:22.155753
a90e4ee2f42650f25bbd70b4185966af,handball_germany_bundesliga,2026-10-10 17:00:00,Frisch Auf Göppingen,SG BBM Bietigheim,betsson,1.21,10.5,5.75,,,,,,,2026-10-06 18:33:22.155753
a90e4ee2f42650f25bbd70b4185966af,handball_germany_bundesliga,2026-10-10 17:00:00,Frisch Auf Göppingen,SG BBM Bietigheim,codere_it,1.22,10.0,5.4,,,,,,,2026-10-06 18:33:22.155753
313fc0752041f93c537d5b4b4096984d,handball_germany_bundesliga,2026-10-11 13:00:00,THW Kiel,HSV Hamburg,tipico_de,1.08,14.0,11.0,,,,,,,2026-10-06 18:33:22.155753
313fc0752041f93c537d5b4b4096984d,handball_germany_bundesliga,2026-10-11 13:00:00,THW Kiel,HSV Hamburg,betsson,1.09,14.5,9.75,,,,,,,2026-10-06 18:33:22.155753
313fc0752041f93c537d5b4b4096984d,handball_germany_bundesliga,2026-10-11 13:00:00,THW Kiel,HSV Hamburg,unibet_uk,1.08,15.0,9.5,,,,,,,2026-10-06 18:33:22.155753
313fc0752041f93c537d5b4b4096984d,handball_germany_bundesliga,2026-10-11 13:00:00,THW Kiel,HSV Hamburg,ladbrokes_uk,1.09,13.0,9.5,,,,,,,2026-10-06 18:33:22.155753
313fc0752041f93c537d5b4b4096984d,handball_germany_bundesliga,2026-10-11 13:00:00,THW Kiel,HSV Hamburg,winamax_fr,1.07,11.5,7.5,,,,,,,2026-10-06 18:33:22.155753
313fc0752041f93c537d5b4b4096984d,handball_germany_bundesliga,2026-10-11 13:00:00,THW Kiel,HSV Hamburg,coral,1.09,13.0,9.5,,,,,,,2026-10-06 18:33:22.155753
313fc0752041f93c537d5b4b4096984d,handball_germany_bundesliga,2026-10-11 13:00:00,THW Kiel,HSV Hamburg,winamax_de,1.1,15.0,10.0,,,,,,,2026-10-06 18:33:22.155753
313fc0752041f93c537d5b4b4096984d,handball_germany_bundesliga,2026-10-11 13:00:00,THW Kiel,HSV Hamburg,nordicbet,1.09,14.5,9.75,,,,,,,2026-10-06 18:33:22.155753
313fc0752041f93c537d5b4b4096984d,handball_germany_bundesliga,2026-10-11 13:00:00,THW Kiel,HSV Hamburg,betclic_fr,1.08,12.25,8.1,,,,,,,2026-10-06 18:33:22.155753
313fc0752041f93c537d5b4b4096984d,handball_germany_bundesliga,2026-10-11 13:00:00,THW Kiel,HSV Hamburg,livescorebet,1.09,17.0,9.5,,,,,,,2026-10-06 18:33:22.155753
313fc0752041f93c537d5b4b4096984d,handball_germany_bundesliga,2026-10-11 13:00:00,THW Kiel,HSV Hamburg,virginbet,1.09,17.0,9.5,,,,,,,2026-10-06 18:33:22.155753
313fc0752041f93c537d5b4b4096984d,handball_germany_bundesliga,2026-10-11 13:00:00,THW Kiel,HSV Hamburg,pmu_fr,1.07,13.0,8.0,,,,,,,2026-10-06 18:33:22.155753
313fc0752041f93c537d5b4b4096984d,handball_germany_bundesliga,2026-10-11 13:00:00,THW Kiel,HSV Hamburg,casumo,1.09,17.0,9.5,,,,,,,2026-10-06 18:33:22.155753
313fc0752041f93c537d5b4b4096984d,handball_germany_bundesliga,2026-10-11 13:00:00,THW Kiel,HSV Hamburg,grosvenor,1.09,17.0,9.5,,,,,,,2026-10-06 18:33:22.155753
313fc0752041f93c537d5b4b4096984d,handball_germany_bundesliga,2026-10-11 13:00:00,THW Kiel,HSV Hamburg,unibet_nl,1.09,17.0,9.5,,,,,,,2026-10-06 18:33:22.155753
823c7a74c7101f4eb53fda7ebc8a62a9,handball_germany_bundesliga,2026-10-11 14:30:00,HC Erlangen,MT Melsungen,tipico_de,3.4,7.8,1.5,,,,,,,2026-10-06 18:33:22.155753
823c7a74c7101f4eb53fda7ebc8a62a9,handball_germany_bundesliga,2026-10-11 14:30:00,HC Erlangen,MT Melsungen,betsson,3.3,7.75,1.52,,,,,,,2026-10-06 18:33:22.155753
823c7a74c7101f4eb53fda7ebc8a62a9,handball_germany_bundesliga,2026-10-11 14:30:00,HC Erlangen,MT Melsungen,unibet_uk,3.3,8.0,1.5,,,,,,,2026-10-06 18:33:22.155753
823c7a74c7101f4eb53fda7ebc8a62a9,handball_germany_bundesliga,2026-10-11 14:30:00,HC Erlangen,MT Melsungen,ladbrokes_uk,3.2,7.0,1.5,,,,,,,2026-10-06 18:33:22.155753
823c7a74c7101f4eb53fda7ebc8a62a9,handball_germany_bundesliga,2026-10-11 14:30:00,HC Erlangen,MT Melsungen,winamax_fr,3.1,7.5,1.42,,,,,,,2026-10-06 18:33:22.155753
823c7a74c7101f4eb53fda7ebc8a62a9,handball_germany_bundesliga,2026-10-11 14:30:00,HC Erlangen,MT Melsungen,coral,3.2,7.0,1.5,,,,,,,2026-10-06 18:33:22.155753
823c7a74c7101f4eb53fda7ebc8a62a9,handball_germany_bundesliga,2026-10-11 14:30:00,HC Erlangen,MT Melsungen,winamax_de,3.45,8.5,1.49,,,,,,,2026-10-06 18:33:22.155753
823c7a74c7101f4eb53fda7ebc8a62a9,handball_germany_bundesliga,2026-10-11 14:30:00,HC Erlangen,MT Melsungen,betclic_fr,3.1,7.6,1.48,,,,,,,2026-10-06 18:33:22.155753
823c7a74c7101f4eb53fda7ebc8a62a9,handball_germany_bundesliga,2026-10-11 14:30:00,HC Erlangen,MT Melsungen,nordicbet,3.3,7.75,1.52,,,,,,,2026-10-06 18:33:22.155753
823c7a74c7101f4eb53fda7ebc8a62a9,handball_germany_bundesliga,2026-10-11 14:30:00,HC Erlangen,MT Melsungen,livescorebet,3.35,10.0,1.47,,,,,,,2026-10-06 18:33:22.155753
823c7a74c7101f4eb53fda7ebc8a62a9,handball_germany_bundesliga,2026-10-11 14:30:00,HC Erlangen,MT Melsungen,virginbet,3.35,10.0,1.47,,,,,,,2026-10-06 18:33:22.155753
823c7a74c7101f4eb53fda7ebc8a62a9,handball_germany_bundesliga,2026-10-11 14:30:00,HC Erlangen,MT Melsungen,pmu_fr,3.15,8.5,1.42,,,,,,,2026-10-06 18:33:22.155753
823c7a74c7101f4eb53fda7ebc8a62a9,handball_germany_bundesliga,2026-10-11 14:30:00,HC Erlangen,MT Melsungen,casumo,3.35,10.0,1.47,,,,,,,2026-10-06 18:33:22.155753
823c7a74c7101f4eb53fda7ebc8a62a9,handball_germany_bundesliga,2026-10-11 14:30:00,HC Erlangen,MT Melsungen,grosvenor,3.35,10.0,1.47,,,,,,,2026-10-06 18:33:22.155753
823c7a74c7101f4eb53fda7ebc8a62a9,handball_germany_bundesliga,2026-10-11 14:30:00,HC Erlangen,MT Melsungen,unibet_nl,3.35,10.0,1.47,,,,,,,2026-10-06 18:33:22.155753
e2615050e2c168e25452ff65f257ef04,handball_germany_bundesliga,2026-10-11 16:00:00,Füchse Berlin,TBV Lemgo,tipico_de,1.1,14.0,9.5,,,,,,,2026-10-06 18:33:22.155753
e2615050e2c168e25452ff65f257ef04,handball_germany_bundesliga,2026-10-11 16:00:00,Füchse Berlin,TBV Lemgo,betsson,1.11,13.5,8.75,,,,,,,2026-10-06 18:33:22.155753
e2615050e2c168e25452ff65f257ef04,handball_germany_bundesliga,2026-10-11 16:00:00,Füchse Berlin,TBV Lemgo,unibet_uk,1.12,13.0,8.5,,,,,,,2026-10-06 18:33:22.155753
e2615050e2c168e25452ff65f257ef04,handball_germany_bundesliga,2026-10-11 16:00:00,Füchse Berlin,TBV Lemgo,ladbrokes_uk,1.11,12.0,8.0,,,,,,,2026-10-06 18:33:22.155753
e2615050e2c168e25452ff65f257ef04,handball_germany_bundesliga,2026-10-11 16:00:00,Füchse Berlin,TBV Lemgo,winamax_fr,1.09,10.5,6.75,,,,,,,2026-10-06 18:33:22.155753
e2615050e2c168e25452ff65f257ef04,handball_germany_bundesliga,2026-10-11 16:00:00,Füchse Berlin,TBV Lemgo,coral,1.11,12.0,8.0,,,,,,,2026-10-06 18:33:22.155753
e2615050e2c168e25452ff65f257ef04,handball_germany_bundesliga,2026-10-11 16:00:00,Füchse Berlin,TBV Lemgo,winamax_de,1.12,14.0,8.5,,,,,,,2026-10-06 18:33:22.155753
e2615050e2c168e25452ff65f257ef04,handball_germany_bundesliga,2026-10-11 16:00:00,Füchse Berlin,TBV Lemgo,betclic_fr,1.1,11.75,7.3,,,,,,,2026-10-06 18:33:22.155753
e2615050e2c168e25452ff65f257ef04,handball_germany_bundesliga,2026-10-11 16:00:00,Füchse Berlin,TBV Lemgo,nordicbet,1.11,13.5,8.75,,,,,,,2026-10-06 18:33:22.155753
e2615050e2c168e25452ff65f257ef04,handball_germany_bundesliga,2026-10-11 16:00:00,Füchse Berlin,TBV Lemgo,livescorebet,1.12,16.0,8.0,,,,,,,2026-10-06 18:33:22.155753
e2615050e2c168e25452ff65f257ef04,handball_germany_bundesliga,2026-10-11 16:00:00,Füchse Berlin,TBV Lemgo,virginbet,1.12,16.0,8.0,,,,,,,2026-10-06 18:33:22.155753
e2615050e2c168e25452ff65f257ef04,handball_germany_bundesliga,2026-10-11 16:00:00,Füchse Berlin,TBV Lemgo,pmu_fr,1.1,12.5,6.75,,,,,,,2026-10-06 18:33:22.155753
e2615050e2c168e25452ff65f257ef04,handball_germany_bundesliga,2026-10-11 16:00:00,Füchse Berlin,TBV Lemgo,casumo,1.12,16.0,8.0,,,,,,,2026-10-06 18:33:22.155753
e2615050e2c168e25452ff65f257ef04,handball_germany_bundesliga,2026-10-11 16:00:00,Füchse Berlin,TBV Lemgo,grosvenor,1.12,16.0,8.0,,,,,,,2026-10-06 18:33:22.155753
e2615050e2c168e25452ff65f257ef04,handball_germany_bundesliga,2026-10-11 16:00:00,Füchse Berlin,TBV Lemgo,unibet_nl,1.12,16.0,8.0,,,,,,,2026-10-06 18:33:22.155753
