match_id,date,start_time,league,home,away,finished,y,elo_p_a,h2h_n,A_career_n,B_career_n,A_elo,B_elo,A_win10,B_win10,A_rest,B_rest,A_games7,B_games7,exp_total,p_a,p_b,p_draw,p_home,p_away,exp_margin,exp_total_model,comp_logreg,comp_hgb,comp_xgb,comp_lgbm,comp_cat,pick,pick_prob,confidence,thin_history,dk_odds_a,dk_odds_b,dk_odds_draw,market_p_a,mkt_home,mkt_away,mkt_draw,spread_home,total_line,market_source,edge_a
199129,2026-10-06,2026-10-06 16:45:00,EHF European League,Mors,Tatabanya,False,,0.5309598306796997,0,64,58,1565.8968238895573,1604.3561726152907,0.35,0.75,14.0,14.0,0,0,64.1,0.3837145035875063,0.6162854964124937,0.10251976997816777,0.34437618094242833,0.5531040490794039,-0.20451870472656353,63.73320581507133,0.49067988994150064,0.2663815550086623,0.47440863,0.3373224798810838,0.34977996654988824,Tatabanya,0.6162854964124937,Lean,False,,,,,,,,,,,
199118,2026-10-06,2026-10-06 18:45:00,EHF European League,Aguas Santas,Flensburg-H.,False,,0.16487229233338196,0,16,98,1446.6685732881317,1788.510659914224,0.3,0.7,14.0,14.0,0,0,58.55,0.13150340879013642,0.8684965912098636,0.052791936006569076,0.12456108924864184,0.8226469747447891,-4.761556240463447,58.052242540894284,0.15996923898001716,0.11998776491209556,0.16614449,0.11099621350229169,0.10041933631427315,Flensburg-H.,0.8684965912098636,Strong,False,,,,,,,,,,,
199133,2026-10-06,2026-10-06 18:45:00,EHF European League,Maritimo,CD Bidasoa Irun,False,,0.3582128266896164,0,0,104,1500.0,1661.2999601247168,0.5,0.65,14.0,14.0,0,0,56.95,0.5498884457614175,0.4501115542385825,0.07421299721756296,0.5090795760661554,0.4167074267162817,-1.0076522370456988,56.67922385467074,0.38213227891048496,0.5625281808605309,0.5477949,0.5922178876826905,0.6647690028705622,Maritimo,0.5498884457614175,Coin flip,True,,,,,,,,,,,
199137,2026-10-06,2026-10-06 18:45:00,EHF European League,La Rioja,Gummersbach,False,,0.5984950195008563,0,98,68,1696.7082675873373,1687.3604260674688,0.95,0.6,14.0,14.0,0,0,62.5,0.49911011901732305,0.500889880982677,0.1073487762643426,0.445531258519663,0.4471199652159944,1.1893565198541067,62.725665616885195,0.6944954803078106,0.4595400490759406,0.46071982,0.41002918690618645,0.47076605495939733,Gummersbach,0.500889880982677,Coin flip,False,,,,,,,,,,,
199149,2026-10-06,2026-10-06 18:45:00,EHF European League,Torrelavega,Karvina,False,,0.693173860955424,0,90,0,1581.579928920399,1500.0,0.7,0.5,14.0,14.0,0,0,56.05,0.7623851999917027,0.23761480000829727,0.07747603122890755,0.7033186204286886,0.2192053483424038,2.7804927524665053,57.05653649439771,0.769877193219206,0.7585866006035057,0.7051011,0.7934571222543672,0.7849040110931957,Torrelavega,0.7623851999917027,Strong,True,,,,,,,,,,,
199154,2026-10-06,2026-10-06 18:45:00,EHF European League,Sesvete,Presov,False,,0.6856276185726934,0,0,10,1500.0,1424.5424325415051,0.5,0.2,14.0,14.0,0,0,57.9,0.7811951364883241,0.21880486351167594,0.07738295834577325,0.7207439457815275,0.20187309587269933,3.2587212842622444,58.395241272264684,0.7741674022892698,0.7594517819447364,0.7574141,0.8245411812523623,0.7904012144009298,Sesvete,0.7811951364883241,Strong,True,,,,,,,,,,,
199155,2026-10-06,2026-10-06 18:45:00,EHF European League,St. Raphael,Elverum,False,,0.26148889979279877,0,60,82,1598.6603121152834,1839.0218199478993,0.55,0.8,14.0,14.0,0,0,61.3,0.20619291222378078,0.7938070877762192,0.06986865787607897,0.19178649018314506,0.7383448519407759,-3.1460686688214556,60.91637506793233,0.29885738720878025,0.18020992429892,0.20979472,0.15300022062093488,0.1891023139433862,Elverum,0.7938070877762192,Strong,False,,,,,,,,,,,
199199,2026-10-06,2026-10-06 18:45:00,EHF European League,Holstebro,Benfica,False,,0.6737127977601407,0,69,18,1547.6528170920467,1481.7029142229276,0.5,0.3,14.0,14.0,0,0,62.8,0.698730687444249,0.30126931255575096,0.10158510988078442,0.627750053783149,0.27066483633606664,2.201598503429193,63.02463387374772,0.7216158364305937,0.6862540811010575,0.6501225,0.6974372293009836,0.7382237670808107,Holstebro,0.698730687444249,Solid,False,,,,,,,,,,,
199208,2026-10-06,2026-10-06 18:45:00,EHF European League,Granollers,Buzau,False,,0.8220653584391244,0,108,0,1705.8583359048055,1500.0,0.75,0.5,14.0,14.0,0,0,61.0,0.936251524346938,0.06374847565306196,0.0738986930269901,0.8670637603531721,0.05903754661983778,5.4837233277236,61.70646418072327,0.8868666402841223,0.9537550537895071,0.9347952,0.9660266318594873,0.9398140949768351,Granollers,0.936251524346938,Strong,True,,,,,,,,,,,
199212,2026-10-06,2026-10-06 18:45:00,EHF European League,FH Hafnarfjordur,Limoges,False,,0.5411699066274408,0,0,60,1500.0,1531.3273023847792,0.5,0.6,14.0,14.0,0,0,58.05,0.5244056555217271,0.47559434447827287,0.09142704839013246,0.47646079427828303,0.4321121573315845,1.0591217508888628,58.104559414436444,0.545036801053138,0.5250501632072013,0.5413971,0.4954844029769517,0.515059815644782,FH Hafnarfjordur,0.5244056555217271,Coin flip,True,,,,,,,,,,,
198487,2026-10-07,2026-10-07 16:45:00,Champions League,Partizan,Veszprem,False,,0.12913370296596888,0,0,45,1500.0,1891.5647514678883,0.5,0.75,14.0,14.0,0,0,59.45,0.16487457037277506,0.8351254296272249,0.05263848153694461,0.15619582334429608,0.7911656951187593,-5.468910672883246,58.88794150724436,0.13807661060119394,0.1879180800955214,0.21745585,0.13309499445151599,0.14782731766416835,Veszprem,0.8351254296272249,Strong,True,,,,,,,,,,,
198533,2026-10-07,2026-10-07 16:45:00,Champions League,Kristianstad,GOG,False,,0.5978109271933554,0,109,104,1624.5270294290985,1615.6735965657388,0.6,0.55,14.0,14.0,0,0,59.15,0.6500823960519203,0.3499176039480797,0.08969965772382915,0.5917702276337763,0.31853011464239456,2.941671915944115,59.43833692031418,0.7419747738429733,0.6509720203388348,0.71688175,0.6997294029352803,0.44085403112835336,Kristianstad,0.6500823960519203,Solid,False,,,,,,,,,,,
198542,2026-10-07,2026-10-07 16:45:00,Champions League,HC Kriens,Kolstad,False,,0.12476760890963344,0,6,96,1486.926661507205,1885.335273390431,0.3333333333333333,0.9,14.0,14.0,0,0,60.21666666666667,0.06284973710338145,0.9371502628966185,0.04566007744577137,0.059980013239794676,0.8943599093144339,-6.406676052959228,59.10746153771359,0.09540018943618826,0.056701255253346655,0.07757679,0.04689900595312444,0.03767144859456949,Kolstad,0.9371502628966185,Strong,True,,,,,,,,,,,
198479,2026-10-07,2026-10-07 18:45:00,Champions League,PSG,Celje,False,,0.9691454716094804,0,94,28,1860.8879317929702,1322.0599085147453,0.85,0.0,14.0,14.0,0,0,62.400000000000006,0.9759687283678563,0.02403127163214369,0.03669724459218309,0.9401533652286193,0.023149390179197725,10.128028981083713,63.703142953711314,0.9806186900393998,0.9846755666277968,0.9472062,0.9833865314391893,0.9839566545637369,PSG,0.9759687283678563,Strong,False,,,,,,,,,,,
198541,2026-10-07,2026-10-07 18:45:00,Champions League,Kielce,SC Magdeburg,False,,0.4532054364856043,4,141,123,1876.4330236363287,1969.0446544764757,0.65,1.0,14.0,14.0,0,0,61.75,0.6080289993098404,0.39197100069015955,0.09456998321954682,0.550527707048111,0.3549023097323422,2.0807273963254596,61.67018517131844,0.6192871216001355,0.5841372805393796,0.672598,0.5950544091605009,0.5690681809080603,Kielce,0.6080289993098404,Lean,False,,,,,,,,,,,
