team,start_time,league,elo,elo_form,win10,gf10,ga10,margin10,rest,games7,games14,season_n,career_n,venue_rate,streak,h2h_net
Barcelona,2026-10-11 10:30:00,Liga ASOBAL,2016.9352077329388,-51.83009885387787,0.65,35.7,29.2,6.5,2.65625,1,1,1,145,0.8783783783783784,1,2.0
Fuchse Berlin,2026-10-11 16:00:00,Bundesliga,1988.797165345874,38.127140577689715,0.9,37.4,28.9,8.5,2.96875,1,1,1,121,0.8650793650793651,1,3.0
SC Magdeburg,2026-10-07 18:45:00,Champions League,1980.1643241572558,79.22187099695634,1.0,33.4,27.4,6.0,14.0,0,0,0,123,0.7063492063492064,13,0.0
Aalborg,2026-10-10 12:00:00,Herre Handbold Ligaen,1926.8402651440147,32.991142876601316,0.9,31.4,27.4,4.0,1.8020833333333333,1,1,1,124,0.828125,9,4.0
Nantes,2026-10-11 15:00:00,Starligue,1909.7303373876184,0.3406049874038217,0.7,30.1,28.3,1.8,2.84375,1,1,1,109,0.8482142857142857,-1,0.0
Wisla Plock,2026-10-11 13:00:00,Superliga,1909.5028653195816,43.62708725488142,0.9,34.5,25.0,9.5,2.7604166666666665,1,1,1,141,0.6986301369863014,8,6.0
Veszprem,2026-10-09 16:00:00,NB I,1897.1457438136963,26.970311290439213,0.75,32.9,29.3,3.6,1.96875,1,1,1,46,0.88,2,2.0
Telekom Veszprem,2024-05-29 16:00:00,NB I,1889.4514103774375,38.57674249648039,0.9,37.5,29.4,8.1,4.916666666666667,1,2,45,63,0.7424242424242424,3,7.0
Kolstad,2026-10-07 16:45:00,Champions League,1882.6994487451332,45.59100682645203,0.9,34.7,25.9,8.8,14.0,0,0,0,96,0.673469387755102,4,0.0
Flensburg-H.,2026-10-09 17:00:00,Bundesliga,1872.35967431505,7.854852989092024,0.75,32.9,30.1,2.8,2.9270833333333335,1,1,1,113,0.6864406779661016,2,1.0
PSG,2026-10-10 17:00:00,Starligue,1867.0254547608388,2.695021823277557,0.95,35.3,28.1,7.2,2.9270833333333335,1,1,1,95,0.82,3,3.0
Kiel,2026-10-11 13:00:00,Bundesliga,1866.1465541520167,27.772904229615733,0.85,34.0,30.1,3.9,14.0,0,0,0,118,0.7868852459016393,1,3.0
Kielce,2026-10-10 13:00:00,Superliga,1859.8845803884733,-10.576326462816041,0.65,35.6,27.6,8.0,2.7604166666666665,1,1,1,142,0.7671232876712328,-3,0.0
MT Melsungen,2026-10-11 14:30:00,Bundesliga,1837.165933859345,30.480272887149113,0.65,29.2,28.1,1.1,2.8229166666666665,1,1,1,87,0.5444444444444444,2,3.0
Szeged,2026-10-10 18:00:00,Champions League,1826.7325112561732,30.15752429460531,0.7,34.1,29.7,4.4,4.125,1,1,1,108,0.7142857142857143,1,0.0
Elverum,2026-10-06 18:45:00,EHF European League,1823.491228113881,25.286065465133106,0.8,33.3,27.7,5.6,14.0,0,0,0,84,0.6333333333333333,-2,0.0
Montpellier,2026-10-11 14:00:00,Starligue,1803.2597543071593,-62.2228031904624,0.55,30.6,30.5,0.1,2.8020833333333335,1,1,1,111,0.6666666666666666,-1,2.0
Ystads IF,2026-10-11 14:00:00,Handbollsligan,1756.8517345020591,54.70988101865032,0.8,34.6,30.8,3.8,14.0,0,0,0,128,0.578125,2,-2.0
Sporting,2026-10-10 18:00:00,Champions League,1756.170537370677,9.845765746768393,0.45,31.3,29.1,2.2,14.0,0,0,0,44,0.375,-2,0.0
Gummersbach,2026-10-06 18:45:00,EHF European League,1733.9064047945558,-3.771453781251239,0.6,32.8,31.2,1.6,14.0,0,0,0,82,0.5116279069767442,1,0.0
Granollers,2026-10-09 18:15:00,Liga ASOBAL,1711.0172135626588,42.41776146327925,0.75,35.1,31.4,3.7,2.9791666666666665,1,1,1,121,0.5483870967741935,4,0.0
La Rioja,2026-10-09 18:00:00,Liga ASOBAL,1676.427259672743,54.51498740850184,0.85,32.0,29.0,3.0,2.96875,1,1,1,99,0.5686274509803921,-1,0.0
Hammarby,2026-10-11 15:30:00,Handbollsligan,1667.0391204052037,52.18393416051936,0.6,31.3,28.7,2.6,4.947916666666667,1,1,1,102,0.7452830188679245,1,3.0
Paris SG,2023-06-18 13:15:00,Champions League,1662.3184462247161,86.63456919796931,0.8,33.0,30.3,2.7,0.8854166666666666,1,1,17,17,0.8,-1,0.0
Savehof,2026-10-06 16:45:00,EHF European League,1649.9156326548673,-35.640540696228754,0.5,30.2,31.1,-0.9,14.0,0,0,0,126,0.6,-1,0.0
Lemgo,2026-10-11 16:00:00,Bundesliga,1644.703957542664,33.090970042376966,0.6,30.9,27.0,3.9,14.0,0,0,0,72,0.3684210526315789,0,-3.0
Hannover-Burgdorf,2026-10-09 17:00:00,Bundesliga,1644.2286727712406,-68.31765546902716,0.25,29.1,32.0,-2.9,14.0,0,0,0,82,0.6976744186046512,-1,-1.0
GOG,2026-10-11 13:00:00,Herre Handbold Ligaen,1643.4872612687475,-5.84680873365096,0.55,29.8,30.1,-0.3,3.84375,1,1,1,119,0.45081967213114754,3,0.0
Ferencvaros,2026-10-09 16:00:00,NB I,1633.7232442688835,29.614075727276713,0.7,34.2,30.3,3.9,14.0,0,0,0,70,0.5,1,4.0
CD Bidasoa Irun,2026-10-10 17:00:00,Liga ASOBAL,1622.2783141680834,-77.1290782912481,0.4,28.2,30.1,-1.9,3.9270833333333335,1,1,1,117,0.8166666666666667,-3,0.0
Toulouse,2026-10-10 17:00:00,Starligue,1619.7401671071448,39.064576412265524,0.7,32.0,31.3,0.7,14.0,0,0,0,72,0.5263157894736842,3,-3.0
Skjern,2026-10-10 14:00:00,Herre Handbold Ligaen,1615.449105441973,23.022776544613635,0.45,29.2,28.7,0.5,14.0,0,0,0,98,0.5588235294117647,-2,0.0
Din. Bucuresti,2026-10-08 18:45:00,Champions League,1609.6376055997066,-14.226228590042638,0.2,29.3,32.5,-3.2,14.0,0,0,0,48,0.4423076923076923,-2,0.0
Naerbo,2025-05-03 16:15:00,REMA 1000-ligaen,1606.4952077222677,61.00312067382856,0.6,31.5,29.0,2.5,4.0,1,2,30,58,0.4838709677419355,-1,-4.0
Skanderborg Aarhus,2023-03-28 16:45:00,EHF European League,1597.5860947159688,77.40949759663704,0.7,31.1,28.1,3.0,6.875,1,1,13,13,0.75,1,1.0
St. Raphael,2026-10-09 17:30:00,Starligue,1595.0543167569833,3.959148648804785,0.55,31.9,30.5,1.4,2.9479166666666665,1,1,1,61,0.5454545454545454,-1,3.0
Kristianstad,2026-10-11 14:00:00,Handbollsligan,1593.9260019153594,-23.99363924528666,0.6,31.7,28.7,3.0,3.8854166666666665,1,1,1,112,0.7166666666666667,-4,2.0
Limoges,2026-10-10 17:00:00,Starligue,1591.2498328649472,-14.032233583873904,0.55,30.7,31.0,-0.3,3.9270833333333335,1,1,1,77,0.6125,2,0.0
Nimes,2026-10-10 17:00:00,Starligue,1587.318451052388,34.436513964131336,0.6,27.9,27.2,0.7,14.0,0,0,0,60,0.484375,-1,0.0
RK Zagreb,2026-10-08 16:45:00,Champions League,1586.043247400469,2.139476135168934,0.25,26.4,29.1,-2.7,14.0,0,0,0,30,0.5294117647058824,-2,-1.0
Arendal,2025-04-30 16:15:00,REMA 1000-ligaen,1582.5263725217615,22.49314799143349,0.6,31.0,31.0,0.0,6.0,1,1,30,59,0.7096774193548387,-1,-3.0
Runar,2025-04-15 16:30:00,REMA 1000-ligaen,1579.285188906476,-14.528887751825323,0.7,32.1,29.5,2.6,3.0625,2,3,28,56,0.6666666666666666,-1,0.0
Benfica,2026-10-06 18:45:00,EHF European League,1578.8110044544305,87.73460831298871,0.6,32.0,29.8,2.2,14.0,0,0,0,30,0.35294117647058826,-1,0.0
Rhein-Neckar,2026-10-08 17:00:00,Bundesliga,1575.0097182081072,-41.18137641226258,0.35,29.2,31.2,-2.0,14.0,0,0,0,86,0.6333333333333333,-1,-2.0
Zabrze,2025-06-07 13:00:00,Superliga,1572.0196803673712,24.72043984909169,0.5,29.4,31.3,-1.9,3.7708333333333335,1,2,39,109,0.5350877192982456,1,-2.0
Bjerringbro/Silkeborg,2026-10-10 14:00:00,Herre Handbold Ligaen,1570.972231180361,-4.494541098358468,0.4,30.9,30.8,0.1,14.0,0,0,0,88,0.42391304347826086,0,0.0
Ademar,2026-10-10 16:00:00,Liga ASOBAL,1570.5646802878484,2.2958940284893288,0.55,28.8,28.6,0.2,14.0,0,0,0,98,0.6862745098039216,-1,-1.0
Skanderborg AGF,2026-10-11 18:00:00,Herre Handbold Ligaen,1567.7386726784057,25.887395259374443,0.4,29.8,31.2,-1.4,2.96875,1,1,1,63,0.5735294117647058,3,0.0
Mors,2026-10-10 13:30:00,Herre Handbold Ligaen,1567.638311488861,-11.869170063858974,0.35,31.7,33.1,-1.4,3.8645833333333335,1,1,1,67,0.6111111111111112,1,4.0
Torrelavega,2026-10-10 17:00:00,Liga ASOBAL,1566.1506480800692,50.7963706584585,0.75,29.7,27.9,1.8,3.9270833333333335,1,1,1,97,0.5588235294117647,5,1.0
Hamburg,2026-10-11 13:00:00,Bundesliga,1564.8717170491814,28.938782865904614,0.6,32.4,32.0,0.4,14.0,0,0,0,68,0.3333333333333333,-1,-3.0
Chambery Savoie,2026-10-09 18:00:00,Starligue,1561.1442579240966,56.25748723592142,0.6,29.1,28.4,0.7,3.0520833333333335,1,1,1,71,0.3157894736842105,1,0.0
Tatabanya,2026-10-10 16:00:00,NB I,1558.2360445017468,26.376713788172083,0.65,32.9,31.0,1.9,3.96875,1,1,1,69,0.6527777777777778,-2,0.0
Holstebro,2026-10-09 17:00:00,Herre Handbold Ligaen,1556.3792730857379,35.31961793201026,0.5,30.2,31.1,-0.9,2.9270833333333335,1,1,1,70,0.5405405405405406,1,2.0
Ostrow Wielkopolski,2026-10-09 16:00:00,Superliga,1555.360778866377,-15.944501396453234,0.6,30.2,32.5,-2.3,14.0,0,0,0,90,0.3695652173913043,1,2.0
HC Kriens,2026-10-07 16:45:00,Champions League,1554.069969231275,46.83139161213421,0.6,32.0,31.3,0.7,14.0,0,0,0,20,0.7083333333333334,-1,0.0
Atl. Valladolid,2026-10-11 10:00:00,Liga ASOBAL,1547.7614252216626,-36.49157809114581,0.45,27.8,28.7,-0.9,14.0,0,0,0,90,0.6808510638297872,-2,0.0
Karlskrona,2026-10-09 17:00:00,Handbollsligan,1542.847489473965,2.407412992773061,0.5,27.7,28.6,-0.9,14.0,0,0,0,63,0.4696969696969697,-1,-4.0
Nexe,2026-10-06 16:45:00,EHF European League,1542.4400189986325,-77.78269032486719,0.2,28.4,30.8,-2.4,14.0,0,0,0,34,0.47368421052631576,0,0.0
Kadetten Schaffhausen,2026-10-06 16:45:00,EHF European League,1539.9863643343706,-59.088884708981595,0.3,30.5,31.1,-0.6,14.0,0,0,0,32,0.6111111111111112,1,0.0
Chrobry Glogow,2026-10-11 13:00:00,Superliga,1539.6357887429747,33.251495788864986,0.5,31.5,31.2,0.3,14.0,0,0,0,102,0.5909090909090909,2,-6.0
Aix,2025-06-07 18:30:00,Starligue,1538.8542834496052,62.6183982625173,0.6,31.9,30.8,1.1,3.0208333333333335,1,2,29,69,0.5555555555555556,1,-3.0
Malmo,2026-10-09 17:00:00,Handbollsligan,1535.3022080886485,-16.212862995864725,0.55,28.5,29.0,-0.5,14.0,0,0,0,85,0.6136363636363636,-3,4.0
Fredericia,2026-10-11 18:00:00,Herre Handbold Ligaen,1534.7631377359608,-3.7549353028280166,0.35,29.6,29.4,0.2,14.0,0,0,0,84,0.48863636363636365,-5,0.0
Vojvodina,2025-03-04 19:45:00,EHF European League,1531.7051009432234,16.022266347493314,0.55,29.3,29.8,-0.5,7.0,1,2,9,19,0.5454545454545454,0,-1.0
Drammen,2025-04-12 19:30:00,REMA 1000-ligaen,1525.7407060985652,42.925793499372276,0.5,29.9,31.0,-1.1,3.125,2,2,27,59,0.5806451612903226,-4,-4.0
Alingsas,2026-10-09 17:00:00,Handbollsligan,1514.7208716256541,17.562704654257914,0.5,30.4,30.6,-0.2,14.0,0,0,0,83,0.3333333333333333,1,-2.0
Porto,2026-10-08 16:45:00,Champions League,1513.1775395694335,97.70491925484725,0.4,30.7,30.1,0.6,14.0,0,0,0,42,0.1956521739130435,-3,0.0
Steaua Bucuresti,2022-10-04 16:45:00,EHF European League,1510.5539121764377,0.0,1.0,33.0,31.0,2.0,7.0,1,1,1,1,0.5,1,1.0
Halden,2025-04-12 13:00:00,REMA 1000-ligaen,1508.085597323577,9.41623205932865,0.45,27.8,29.8,-2.0,2.875,2,3,27,55,0.603448275862069,-2,-7.0
Gyor,2026-10-09 16:00:00,NB I,1507.770749198171,-39.23341421672603,0.45,31.4,32.4,-1.0,14.0,0,0,0,26,0.7333333333333333,0,1.0
Maritimo,2026-10-06 18:45:00,EHF European League,1506.143395452356,6.14339545235589,0.5,33.0,36.0,-3.0,14.0,0,0,0,2,0.6666666666666666,1,0.0
Cocks,2022-09-03 17:00:00,EHF European League,1505.7462084443403,0.0,1.0,22.0,21.0,1.0,7.166666666666667,0,1,1,1,0.5,1,1.0
Caen,2026-10-11 15:00:00,Starligue,1500.0,0.0,0.5,28.0,28.0,0.0,14.0,0,0,0,0,0.5,0,0.0
Buzau,2026-10-06 18:45:00,EHF European League,1500.0,0.0,0.5,28.0,28.0,0.0,14.0,0,0,0,0,0.5,0,0.0
CSM Bucuresti,2026-10-06 16:45:00,EHF European League,1500.0,0.0,0.5,28.0,28.0,0.0,14.0,0,0,0,0,0.5,0,0.0
Caserio Ciudad Real,2026-10-09 18:15:00,Liga ASOBAL,1500.0,0.0,0.5,28.0,28.0,0.0,14.0,0,0,0,0,0.5,0,0.0
Szigetszentmiklosi,2026-10-10 16:00:00,NB I,1500.0,0.0,0.5,28.0,28.0,0.0,14.0,0,0,0,0,0.5,0,0.0
Provence Aix,2026-10-08 18:00:00,Starligue,1500.0,0.0,0.5,28.0,28.0,0.0,14.0,0,0,0,0,0.5,0,0.0
Slovan,2026-10-06 16:45:00,EHF European League,1500.0,0.0,0.5,28.0,28.0,0.0,14.0,0,0,0,0,0.5,0,0.0
Horneo Alicante,2026-10-09 17:00:00,Liga ASOBAL,1500.0,0.0,0.5,28.0,28.0,0.0,14.0,0,0,0,0,0.5,0,0.0
Partizan,2026-10-07 16:45:00,Champions League,1500.0,0.0,0.5,28.0,28.0,0.0,14.0,0,0,0,0,0.5,0,0.0
Selestat,2026-10-11 15:00:00,Starligue,1500.0,0.0,0.5,28.0,28.0,0.0,14.0,0,0,0,0,0.5,0,0.0
Proin Sevilla,2026-10-10 17:00:00,Liga ASOBAL,1500.0,0.0,0.5,28.0,28.0,0.0,14.0,0,0,0,0,0.5,0,0.0
Budai Farkasok,2026-10-10 16:00:00,NB I,1500.0,0.0,0.5,28.0,28.0,0.0,14.0,0,0,0,0,0.5,0,0.0
Aarhus Handbold,2025-05-02 17:00:00,Herre Handbold Ligaen,1498.5777214417349,-1.422278558265134,0.5,30.0,29.5,0.5,7.0,1,2,2,2,0.6666666666666666,-1,0.0
Zamosc,2024-05-28 16:00:00,Superliga,1497.0774524403082,0.0,0.5,29.0,29.0,0.0,3.9583333333333335,1,1,1,1,0.5,0,0.0
Bergen,2025-04-12 15:00:00,REMA 1000-ligaen,1496.0386638430452,-24.934230937130906,0.4,30.1,29.3,0.8,2.9583333333333335,2,3,27,55,0.4482758620689655,-1,1.0
Trimo Trebnje,2024-09-07 17:00:00,EHF European League,1495.2278000510687,-4.772199948931302,0.5,30.6,31.0,-0.4,6.979166666666667,1,1,1,5,0.375,1,1.0
Helsingborg,2026-10-11 15:30:00,Handbollsligan,1495.15938233288,2.0968555584868227,0.5,27.1,28.8,-1.7,14.0,0,0,0,65,0.3382352941176471,-1,-3.0
CSM Constanta,2024-11-26 17:45:00,EHF European League,1494.6418991255262,-62.24484312371578,0.15,28.7,33.8,-5.1,7.0,1,1,5,19,0.5909090909090909,-2,0.0
Sonderjyske,2026-10-10 13:30:00,Herre Handbold Ligaen,1494.4081670152639,-14.000639331628008,0.4,28.6,29.0,-0.4,14.0,0,0,0,60,0.359375,1,-4.0
Onnereds,2026-10-10 15:00:00,Handbollsligan,1493.8191512889314,-45.64006658758444,0.45,30.8,30.5,0.3,14.0,0,0,0,94,0.40816326530612246,2,0.0
Pfadi Winterthur,2023-12-05 19:45:00,EHF European League,1491.4565140859343,-8.54348591406574,0.42857142857142855,26.142857142857142,29.857142857142858,-3.7142857142857144,7.083333333333333,0,1,7,7,0.2,1,1.0
Csurgoi,2026-10-06 15:00:00,NB I,1490.2571044959354,31.238109102059298,0.5,28.6,30.1,-1.5,14.0,0,0,0,52,0.39285714285714285,1,-2.0
Balatonfuredi,2026-10-09 16:00:00,NB I,1490.139745228798,43.39405507167044,0.6,28.4,27.6,0.8,14.0,0,0,0,62,0.3484848484848485,0,-1.0
Eurofarm Pelister 2,2022-09-04 17:00:00,EHF European League,1488.5075831113197,0.0,0.0,21.0,24.0,-3.0,8.0,0,1,1,1,0.5,-1,-1.0
Butel Skopje,2022-10-04 16:45:00,EHF European League,1486.4691993040055,0.0,0.0,21.0,26.0,-5.0,7.0,1,1,1,1,0.5,-1,-1.0
Eisenach,2026-10-08 17:00:00,Bundesliga,1485.8602347679787,0.19455876328925115,0.25,30.0,29.6,0.4,14.0,0,0,0,68,0.3194444444444444,-1,2.0
Sandefjord TIF,2024-04-30 16:30:00,REMA 1000-ligaen,1485.2968245428053,-14.703175457194675,0.5,28.0,27.5,0.5,4.020833333333333,2,2,2,2,0.6666666666666666,-1,0.0
Belenenses,2022-10-04 18:45:00,EHF European League,1484.3478262586232,0.0,0.0,20.0,23.0,-3.0,7.0,1,1,1,1,0.5,-1,-1.0
Zurich,2024-09-07 16:00:00,EHF European League,1482.3531229598075,-17.64687704019252,0.4,28.0,30.2,-2.2,7.0,1,1,1,5,0.75,-1,-1.0
Sesvete,2026-10-06 18:45:00,EHF European League,1482.1523773217898,-17.8476226782102,0.16666666666666666,28.666666666666668,31.333333333333332,-2.6666666666666665,14.0,0,0,0,6,0.4,-2,0.0
ABC Braga,2024-09-08 18:00:00,EHF European League,1482.1097042062097,-17.8902957937903,0.4444444444444444,28.22222222222222,29.555555555555557,-1.3333333333333333,8.083333333333334,0,1,1,9,0.3333333333333333,1,1.0
Burgos,2025-06-07 18:30:00,Liga ASOBAL,1481.733972404243,-18.266027595756896,0.6666666666666666,30.666666666666668,33.0,-2.3333333333333335,3.0208333333333335,1,1,1,3,0.6666666666666666,2,1.0
Vinkovci,2024-09-07 17:00:00,EHF European League,1481.1685417143797,0.0,0.0,25.0,34.0,-9.0,6.979166666666667,1,1,1,1,0.5,-1,-1.0
Midtjylland,2024-04-09 17:30:00,Herre Handbold Ligaen,1481.1535245773105,0.0,0.0,25.0,29.0,-4.0,5.020833333333333,1,1,1,1,0.5,-1,-1.0
Alpla Hard,2023-02-28 19:45:00,EHF European League,1480.4784305843675,-46.348300478070314,0.25,26.8,29.4,-2.6,7.0,1,2,13,13,0.4375,1,-1.0
Hallby,2026-10-10 15:00:00,Handbollsligan,1477.9980999674654,-0.7772853069275243,0.35,29.0,31.2,-2.2,14.0,0,0,0,83,0.48863636363636365,-4,0.0
Nava,2026-10-10 16:00:00,Liga ASOBAL,1476.7284923373018,-33.77204961596226,0.4,29.0,31.1,-2.1,14.0,0,0,0,60,0.40625,-2,1.0
Malaga,2023-06-11 10:00:00,Liga ASOBAL,1476.1224204413916,0.0,0.0,20.0,24.0,-4.0,3.6666666666666665,1,1,1,1,0.5,-1,-1.0
Goppingen,2026-10-10 17:00:00,Bundesliga,1476.0163339813041,38.06379514021637,0.45,28.5,31.3,-2.8,14.0,0,0,0,86,0.6022727272727273,0,0.0
Tremblay,2026-10-11 14:00:00,Starligue,1474.3281963639492,20.620340453232075,0.3,30.1,31.0,-0.9,14.0,0,0,0,30,0.47058823529411764,-1,-2.0
FH Hafnarfjordur,2026-10-06 18:45:00,EHF European League,1474.3269308736803,-25.67306912631966,0.16666666666666666,26.666666666666668,33.0,-6.333333333333333,14.0,0,0,0,6,0.4,-3,0.0
Potaissa Turda,2022-09-03 15:00:00,EHF European League,1473.3154343480153,0.0,0.0,21.0,45.0,-24.0,5.979166666666667,1,1,1,1,0.5,-1,-1.0
Minaur Baia Mare,2022-09-04 14:00:00,EHF European League,1473.0367894104515,0.0,0.0,27.0,36.0,-9.0,7.958333333333333,0,1,1,1,0.5,-1,-1.0
Skovde,2025-03-20 18:00:00,Handbollsligan,1471.182034239949,-49.363237331485834,0.35,30.1,30.7,-0.6,3.0,1,2,25,84,0.5795454545454546,-3,2.0
Vasteras Irsta HF,2024-04-10 17:00:00,Handbollsligan,1468.143928606914,-31.85607139308604,0.0,23.5,26.5,-3.0,5.0,1,2,2,2,0.3333333333333333,-2,-2.0
Kungalvs HK,2023-04-10 15:00:00,Handbollsligan,1468.0392504691447,-31.96074953085531,0.0,25.5,30.0,-4.5,3.9166666666666665,2,2,2,2,0.3333333333333333,-2,-2.0
Villa de Aranda,2026-10-11 10:30:00,Liga ASOBAL,1466.3784947913714,-20.989491087598935,0.4,29.4,32.1,-2.7,14.0,0,0,0,30,0.5,-2,-2.0
Varberg,2025-04-08 17:00:00,Handbollsligan,1465.3597003949865,-34.640299605013524,0.3333333333333333,25.0,27.333333333333332,-2.3333333333333335,5.0,1,3,3,3,0.3333333333333333,1,-1.0
Karvina,2026-10-06 18:45:00,EHF European League,1464.6473965077566,-35.35260349224336,0.3125,29.5,32.125,-2.625,14.0,0,0,0,8,0.16666666666666666,-1,0.0
Ribe-Esbjerg,2026-10-09 17:00:00,Herre Handbold Ligaen,1463.8989594540421,62.839182102721225,0.5,29.4,29.1,0.3,14.0,0,0,0,67,0.3472222222222222,2,-2.0
Leipzig,2025-06-08 13:00:00,Bundesliga,1462.492317337059,-80.6856917809148,0.2,28.2,30.3,-2.1,3.8333333333333335,1,3,33,67,0.3,-4,3.0
MMTS Kwidzyn,2026-10-12 16:00:00,Superliga,1462.0620615005823,49.80837777479019,0.7,31.4,28.5,2.9,14.0,0,0,0,89,0.40425531914893614,7,5.0
Skive,2026-10-11 13:00:00,Herre Handbold Ligaen,1460.351015701848,-39.64898429815207,0.5,29.4,30.3,-0.9,14.0,0,0,0,10,0.5,-2,0.0
Stal Mielec,2026-10-10 13:00:00,Superliga,1455.1446953772763,-44.85530462272368,0.0,21.5,26.5,-5.0,14.0,0,0,0,2,0.3333333333333333,-2,0.0
Wybrzeze Gdansk,2026-10-10 16:00:00,Superliga,1454.7469751515173,-51.54594601524718,0.35,30.1,31.4,-1.3,3.96875,1,1,1,89,0.532608695652174,0,8.0
AEK Athens,2023-12-05 17:45:00,EHF European League,1454.415114172128,-45.584885827872085,0.2,26.2,30.8,-4.6,7.0,1,2,5,5,0.25,-3,1.0
PPD Zagreb,2023-03-01 19:45:00,Champions League,1451.4066091386476,-11.95456485211389,0.3,28.0,29.8,-1.8,3.0833333333333335,2,2,13,13,0.3125,-3,-1.0
Gwardia Opole,2026-10-10 16:00:00,Superliga,1450.7559837508995,-10.597597606993986,0.4,28.5,33.3,-4.8,14.0,0,0,0,87,0.28888888888888886,1,-8.0
Aguas Santas,2026-10-06 18:45:00,EHF European League,1446.6685732881317,-81.26264432148446,0.3,24.2,28.2,-4.0,14.0,0,0,0,16,0.55,-1,0.0
Vardar 1961,2026-10-08 18:45:00,Champions League,1445.9096149816974,-54.09038501830264,0.3125,27.625,32.25,-4.625,14.0,0,0,0,8,0.5,1,0.0
Motor Zaporozhye,2023-03-28 16:45:00,EHF European League,1444.2681526121448,-55.73184738785517,0.35,27.6,29.4,-1.8,6.958333333333333,1,1,11,11,0.35714285714285715,-1,-1.0
Valur,2026-10-06 16:45:00,EHF European League,1443.2899418741877,-70.39423872966063,0.2,28.3,32.6,-4.3,14.0,0,0,0,20,0.2916666666666667,-1,0.0
Huesca,2025-06-01 16:00:00,Liga ASOBAL,1442.340640908511,65.23146977174679,0.55,29.0,29.2,-0.2,7.0,1,1,29,89,0.33695652173913043,1,-1.0
Alkaloid,2023-12-05 17:45:00,EHF European League,1441.0165735186479,-58.983426481352126,0.1,27.6,32.0,-4.4,7.0,1,2,5,5,0.25,-3,0.0
Melhus,2025-04-13 16:00:00,REMA 1000-ligaen,1440.0055998747032,-59.994400125296806,0.25,26.75,32.0,-5.25,4.0,1,1,1,4,0.6666666666666666,-2,-1.0
Morrazo Cangas,2026-10-10 17:00:00,Liga ASOBAL,1439.7097726520215,-51.41437584295386,0.2,30.5,31.2,-0.7,14.0,0,0,0,94,0.23469387755102042,-3,-1.0
Vinslovs,2025-04-04 17:00:00,Handbollsligan,1436.1402822739776,-63.85971772602238,0.0,25.666666666666668,32.666666666666664,-7.0,5.114583333333333,1,2,1,3,0.2,-3,-1.0
Gyongyosi,2026-10-10 16:00:00,NB I,1432.5037099008987,-17.432052596273934,0.55,28.0,30.7,-2.7,14.0,0,0,0,52,0.625,2,1.0
Gorenje,2024-11-26 19:45:00,EHF European League,1431.6668515487265,-97.80805135820879,0.15,26.9,32.4,-5.5,7.083333333333333,0,1,5,15,0.5,-4,-1.0
Cesson Rennes-Metropole,2026-10-09 17:30:00,Starligue,1429.0489778007168,46.10186635772561,0.5,30.1,31.6,-1.5,14.0,0,0,0,60,0.359375,0,-3.0
Amo HK,2026-10-09 17:00:00,Handbollsligan,1428.975825641105,-14.072983113832152,0.3,29.9,32.5,-2.6,14.0,0,0,0,54,0.4107142857142857,2,0.0
Lovcen,2023-12-05 17:45:00,EHF European League,1428.7568830309792,-71.24311696902078,0.0,24.4,32.8,-8.4,6.916666666666667,1,2,5,5,0.25,-5,-1.0
Erlangen,2026-10-11 14:30:00,Bundesliga,1428.063793561379,79.7265111379752,0.45,25.8,26.7,-0.9,14.0,0,0,0,68,0.375,2,-3.0
Cuenca,2026-10-09 18:00:00,Liga ASOBAL,1416.9862118647636,-91.34228797411674,0.15,28.8,33.4,-4.6,14.0,0,0,0,98,0.6470588235294118,-5,0.0
Budakalasz,2025-05-25 16:00:00,NB I,1413.654836670868,-30.840241646824097,0.35,26.7,29.8,-3.1,7.020833333333333,0,1,25,51,0.25925925925925924,2,3.0
Istres,2025-06-07 18:30:00,Starligue,1409.815077877002,-6.245319817633117,0.35,29.6,32.1,-2.5,3.0208333333333335,1,2,29,29,0.4375,-1,1.0
Puente Genil,2026-10-11 10:00:00,Liga ASOBAL,1409.473752943863,12.312844567911725,0.3,27.1,29.2,-2.1,14.0,0,0,0,90,0.23404255319148937,1,0.0
Povazska Bystrica,2023-12-05 19:45:00,EHF European League,1408.7129403608603,-91.28705963913967,0.0,26.0,36.2,-10.2,7.0,1,1,5,5,0.25,-5,-1.0
Anaitasuna,2025-06-01 16:00:00,Liga ASOBAL,1407.6660178802279,-30.462993028185565,0.25,26.3,29.4,-3.1,7.0,1,1,29,89,0.532608695652174,-1,-2.0
Bergischer,2026-10-06 16:45:00,EHF European League,1406.1957667355757,-12.181137195606652,0.35,28.3,30.0,-1.7,14.0,0,0,0,34,0.3684210526315789,-1,0.0
Ringsted,2026-10-10 13:00:00,Herre Handbold Ligaen,1404.3207393614896,-61.38469173461385,0.35,28.8,31.7,-2.9,14.0,0,0,0,62,0.6666666666666666,-2,-1.0
Bietigheim-Metterzimmern,2026-10-10 17:00:00,Bundesliga,1404.0251383298257,0.7182734465725389,0.35,27.7,31.5,-3.8,14.0,0,0,0,34,0.34210526315789475,-1,0.0
Follo,2025-04-13 16:00:00,REMA 1000-ligaen,1401.3286465781582,-35.02459430140766,0.35,29.4,33.0,-3.6,4.0,1,2,27,27,0.23333333333333334,1,1.0
Kristiansand,2025-04-06 13:00:00,REMA 1000-ligaen,1401.0517133260962,-32.14973042048473,0.25,26.2,28.3,-2.1,6.854166666666667,1,2,25,54,0.4482758620689655,1,-3.0
Nordsjaelland,2026-10-10 13:00:00,Herre Handbold Ligaen,1398.178807281855,-57.159428293529345,0.25,27.0,29.4,-2.4,14.0,0,0,0,60,0.25,-1,1.0
Izvidac,2026-10-06 16:45:00,EHF European League,1398.052545982005,-101.94745401799491,0.125,25.5,36.625,-11.125,14.0,0,0,0,8,0.16666666666666666,1,0.0
Dunkerque,2026-10-11 15:00:00,Starligue,1393.6097740990442,-77.78989392813446,0.2,27.6,30.4,-2.8,14.0,0,0,0,60,0.359375,-2,0.0
Stuttgart,2026-10-08 17:00:00,Bundesliga,1392.5716189917296,-5.60703674547176,0.2,26.9,31.6,-4.7,14.0,0,0,0,68,0.4444444444444444,1,1.0
Kalisz,2026-10-12 16:00:00,Superliga,1388.328940067045,-35.26601653721218,0.1,25.7,32.8,-7.1,14.0,0,0,0,86,0.2826086956521739,-4,2.0
Guif,2025-04-08 17:00:00,Handbollsligan,1387.3640903914982,107.59063912027545,0.65,29.5,27.9,1.6,5.0,1,3,29,84,0.29545454545454547,-1,1.0
Azoty-Pulawy,2025-05-26 16:00:00,Superliga,1381.173471741718,-39.503956862400855,0.4,35.2,36.1,-0.9,5.0,1,2,30,89,0.5957446808510638,-1,2.0
Eurofarm Pelister,2026-10-06 16:45:00,EHF European League,1376.5587621870702,40.40094259469106,0.35,24.6,28.7,-4.1,14.0,0,0,0,38,0.19047619047619047,-2,0.0
Redbergslids,2023-03-31 17:00:00,Handbollsligan,1374.700044442322,-20.17962743173962,0.35,28.2,30.3,-2.1,6.958333333333333,1,2,25,25,0.2857142857142857,-3,-1.0
Grindsted,2025-05-25 14:00:00,Herre Handbold Ligaen,1372.3454425974708,38.29016199955686,0.45,30.5,31.0,-0.5,3.875,1,2,31,31,0.2647058823529412,1,0.0
HSG Wetzlar,2026-10-08 17:00:00,Bundesliga,1369.5896880544276,-98.0339121975992,0.05,25.6,30.3,-4.7,14.0,0,0,0,68,0.2777777777777778,-2,-1.0
Zaglebie,2025-05-24 14:00:00,Superliga,1368.9451488842676,15.396807044092611,0.6,30.0,30.1,-0.1,2.9166666666666665,1,2,30,91,0.35106382978723405,1,-2.0
Fjellhammer,2025-04-06 13:00:00,REMA 1000-ligaen,1368.898347546607,39.61277165552406,0.45,26.2,27.3,-1.1,10.833333333333334,0,1,25,53,0.14285714285714285,2,1.0
PLER,2026-10-09 16:00:00,NB I,1368.7312439312047,-26.807551895146844,0.2,26.8,32.2,-5.4,14.0,0,0,0,52,0.375,1,-4.0
Chartres,2026-10-09 18:00:00,Starligue,1367.6844464102842,-48.00488592077613,0.3,27.5,31.1,-3.6,14.0,0,0,0,60,0.390625,1,0.0
Sandnes,2025-04-06 13:00:00,REMA 1000-ligaen,1367.6552950992061,7.278582054470462,0.35,27.6,29.4,-1.8,10.8125,0,2,25,51,0.46296296296296297,-1,-3.0
Saran,2026-10-08 18:00:00,Starligue,1364.0147306616052,-19.316294996778424,0.25,27.8,31.2,-3.4,14.0,0,0,0,30,0.2647058823529412,-1,0.0
Komloi,2025-05-25 16:00:00,NB I,1363.4712579116083,23.8181355715501,0.55,27.2,28.6,-1.4,7.020833333333333,0,1,25,51,0.2777777777777778,-1,-3.0
Unia Tarnow,2024-05-11 16:00:00,Superliga,1359.865114745749,-62.77170250621907,0.4,26.5,29.0,-2.5,14.0,0,1,30,56,0.3793103448275862,1,2.0
Lugi,2026-10-09 17:00:00,Handbollsligan,1358.4153174211951,-43.94589346295152,0.15,27.7,30.5,-2.8,14.0,0,0,0,57,0.45161290322580644,-1,0.0
Lemvig,2024-03-23 15:00:00,Herre Handbold Ligaen,1353.5356608437648,-38.62049017479421,0.3,27.7,31.0,-3.3,2.8541666666666665,1,2,25,25,0.17857142857142858,1,0.0
NEKA,2026-10-10 16:00:00,NB I,1351.0942735802091,-16.926249245915187,0.25,28.1,31.3,-3.2,14.0,0,0,0,52,0.25,-3,-1.0
Benidorm,2025-06-01 16:00:00,Liga ASOBAL,1346.5296954251123,-12.065568227663562,0.35,27.4,30.3,-2.9,7.0,1,1,29,101,0.5,1,-1.0
Cisne,2023-06-03 15:00:00,Liga ASOBAL,1341.4074055676294,-1.252893867219882,0.3,28.2,33.6,-5.4,6.9375,1,2,29,29,0.15625,1,-1.0
Baekkelaget,2025-04-12 13:00:00,REMA 1000-ligaen,1340.8970611440982,-43.742171731380495,0.3,28.1,31.7,-3.6,2.8541666666666665,2,2,27,53,0.2857142857142857,2,3.0
Quabit Guadalajara,2025-06-07 18:30:00,Liga ASOBAL,1337.3975244713354,-3.806751154988433,0.25,27.2,31.2,-4.0,3.0208333333333335,2,3,31,61,0.390625,-2,-1.0
Presov,2026-10-06 18:45:00,EHF European League,1337.301605366085,-82.68586719966834,0.1,25.9,33.1,-7.2,14.0,0,0,0,16,0.1,-8,0.0
Szczecin,2023-05-20 15:00:00,Superliga,1326.391488826732,-55.29107329708836,0.3,26.0,30.6,-4.6,13.083333333333334,0,1,25,25,0.14285714285714285,-3,-1.0
Celje,2026-10-07 18:45:00,Champions League,1322.0599085147453,-46.65949448559195,0.0,28.3,35.2,-6.9,14.0,0,0,0,28,0.125,-17,0.0
Aranas,2025-04-09 17:00:00,Handbollsligan,1322.0471159249719,-6.899393300333486,0.35,29.6,31.1,-1.5,5.0,1,2,3,61,0.296875,-1,-3.0
Dijon,2024-05-31 18:45:00,Starligue,1315.1204934584982,-43.06073420978146,0.2,30.0,32.9,-2.9,7.010416666666667,0,1,29,29,0.25,-4,-1.0
Creteil,2025-06-07 18:30:00,Starligue,1314.5899977142894,-88.37754339956223,0.05,27.3,32.4,-5.1,3.0,1,2,29,59,0.3064516129032258,-1,-3.0
Dabas,2026-10-10 16:00:00,NB I,1313.6156336760384,-38.97430483777953,0.3,26.8,29.1,-2.3,14.0,0,0,0,52,0.30357142857142855,-1,0.0
Skanela,2026-10-09 17:00:00,Handbollsligan,1302.9203793256552,-73.46696161586146,0.1,28.2,31.9,-3.7,14.0,0,0,0,34,0.3333333333333333,-1,2.0
Potsdam,2025-06-08 13:00:00,Bundesliga,1297.5125566700956,-16.32356384035006,0.2,24.6,30.4,-5.8,3.8333333333333335,1,4,33,33,0.16666666666666666,-2,-1.0
HBW Balingen-Weilstetten,2024-06-02 14:30:00,Bundesliga,1296.9682757869743,-103.59679802570372,0.0,24.9,32.2,-7.3,3.8958333333333335,1,2,33,33,0.16666666666666666,-12,0.0
Kolding,2026-10-10 12:00:00,Herre Handbold Ligaen,1294.2679476533208,-60.21439823801825,0.15,27.4,32.7,-5.3,14.0,0,0,0,56,0.26666666666666666,0,-4.0
Haslum HK,2025-04-06 13:00:00,REMA 1000-ligaen,1269.0145650476484,-44.89780449381897,0.2,26.4,31.0,-4.6,6.916666666666667,1,2,25,51,0.3333333333333333,-4,-1.0
Legionowo,2026-10-12 16:00:00,Superliga,1264.7691521233448,61.31016617728301,0.5,27.8,28.4,-0.6,14.0,0,0,0,62,0.21875,-1,-5.0
Ivry,2025-06-07 18:30:00,Starligue,1258.30704969242,-22.742260260948342,0.1,28.3,32.6,-4.3,4.0,1,3,29,59,0.1935483870967742,-6,-1.0
Eger,2026-10-09 16:00:00,NB I,1252.882235299716,-73.18480054808788,0.1,27.1,33.1,-6.0,14.0,0,0,0,52,0.125,-2,-2.0
Puerto Sagunto,2026-10-09 17:00:00,Liga ASOBAL,1252.679315066469,-82.74149333645505,0.05,25.4,33.3,-7.9,14.0,0,0,0,30,0.20588235294117646,-6,0.0
BM Sinfin,2024-05-25 15:00:00,Liga ASOBAL,1242.3059733479015,-75.72162692871666,0.05,25.4,33.0,-7.6,6.958333333333333,1,1,29,59,0.27419354838709675,-5,-3.0
Viking TIF,2025-04-12 13:00:00,REMA 1000-ligaen,1236.393958994411,-93.08636311125588,0.0,28.1,36.5,-8.4,2.8541666666666665,1,1,1,27,0.2,-11,-3.0
Slask Wroclaw,2026-10-12 16:00:00,Superliga,1207.5073636491124,-66.27422493489075,0.2,25.7,31.6,-5.9,14.0,0,0,0,31,0.11764705882352941,1,-2.0
Piotrkowianin Piotrkow,2026-10-09 16:00:00,Superliga,1204.4887028572796,-70.89907137194291,0.1,28.2,33.9,-5.7,14.0,0,0,0,88,0.43478260869565216,-9,-2.0
Veszpremi KKFT,2024-05-15 16:00:00,NB I,1196.1602231016643,-74.63114153439687,0.0,28.4,34.0,-5.6,5.0,1,2,25,37,0.2,-12,-1.0
